patientId	AGE	AJCC_PATHOLOGIC_TUMOR_STAGE	AJCC_STAGING_EDITION	BUFFA_HYPOXIA_SCORE	CANCER_TYPE_ACRONYM	DAYS_LAST_FOLLOWUP	DAYS_TO_BIRTH	DAYS_TO_INITIAL_PATHOLOGIC_DIAGNOSIS	DFS_MONTHS	DFS_STATUS	DSS_MONTHS	DSS_STATUS	ETHNICITY	FORM_COMPLETION_DATE	GENETIC_ANCESTRY_LABEL	HISTORY_NEOADJUVANT_TRTYN	ICD_10	ICD_O_3_HISTOLOGY	ICD_O_3_SITE	INFORMED_CONSENT_VERIFIED	IN_PANCANPATHWAYS_FREEZE	NEW_TUMOR_EVENT_AFTER_INITIAL_TREATMENT	OS_MONTHS	OS_STATUS	OTHER_PATIENT_ID	PATH_M_STAGE	PATH_N_STAGE	PATH_T_STAGE	PERSON_NEOPLASM_CANCER_STATUS	PFS_MONTHS	PFS_STATUS	PRIOR_DX	RACE	RADIATION_THERAPY	RAGNUM_HYPOXIA_SCORE	SAMPLE_COUNT	SEX	SUBTYPE	WINTER_HYPOXIA_SCORE
TCGA-05-4244	70	STAGE IV	6TH	11	LUAD	0	-25752	0			0	0:ALIVE OR DEAD TUMOR FREE		7/22/10	EUR	No	C34.3	8140/3	C34.3	Yes	Yes		0	0:LIVING	34040b83-7e8a-4264-a551-b16621843e28	M1	N2	T2	Tumor Free	0	0:CENSORED	No			12	1	Male	LUAD	20
TCGA-05-4249	67	STAGE IB	6TH	-27	LUAD	1523	-24532	0			50.07068416	0:ALIVE OR DEAD TUMOR FREE		7/22/10	EUR	No	C34.3	8140/3	C34.3	Yes	Yes	No	50.07068416	0:LIVING	4addf05f-3668-4b3f-a17f-c0227329ca52	M0	N0	T2	Tumor Free	50.07068416	0:CENSORED	No		No	-12	1	Male	LUAD	-26
TCGA-05-4250	79	STAGE IIIA	6TH	29	LUAD		-29068	0			3.978038597			7/22/10	EUR	No	C34.3	8140/3	C34.3	Yes	Yes		3.978038597	1:DECEASED	f98ecd8a-b878-4f53-b911-20cd8e17281c	M0	N1	T3		3.978038597	0:CENSORED	No			18	1	Female	LUAD	32
TCGA-05-4382	68	STAGE IB	6TH	19	LUAD	607	-24868	0	10.98070158	1:Recurred/Progressed	19.95594569	0:ALIVE OR DEAD TUMOR FREE		7/22/10	EUR	No	C34.1	8255/3	C34.1	Yes	Yes	Yes	19.95594569	0:LIVING	3434b91a-c05f-460f-a078-7b1bb6e7085d	M0	N0	T2	Tumor Free	10.98070158	1:PROGRESSION	Yes		Yes	16	1	Male	LUAD	34
TCGA-05-4384	66	STAGE IIIA	6TH	-37	LUAD	426	-24411	0			14.00532597	0:ALIVE OR DEAD TUMOR FREE		7/22/10	EUR	No	C34.3	8255/3	C34.3	Yes	Yes	Yes	14.00532597	0:LIVING	9a50e7e4-831d-489f-87d2-979e987561cc	M0	N2	T2		6.016372423	1:PROGRESSION	Yes		Yes	-12	1	Male	LUAD	-24
TCGA-05-4389	70	STAGE IA	5TH	13	LUAD	1369	-25660	0			45.00772594	0:ALIVE OR DEAD TUMOR FREE		7/22/10	EUR	No	C34.1	8255/3	C34.1	Yes	Yes	No	45.00772594	0:LIVING	a3de401d-91fe-49a2-bb07-81c1a06506e6	M0	N0	T1	Tumor Free	45.00772594	0:CENSORED	No		No	16	1	Male	LUAD	14
TCGA-05-4390	58	STAGE IB	5TH	35	LUAD	1126	-21430	0			37.0187724	0:ALIVE OR DEAD TUMOR FREE		7/22/10	EUR	No	C34.1	8255/3	C34.1	Yes	Yes	Yes	37.0187724	0:LIVING	b8475929-2d9d-4909-bd62-59684a140bd7	M0	N0	T2	Tumor Free	12.98615906	1:PROGRESSION	No		No	22	1	Female	LUAD	46
TCGA-05-4395	76	STAGE IIIB	5TH	43	LUAD		-27971	0			0	0:ALIVE OR DEAD TUMOR FREE		7/22/10	EUR	No	C34.1	8255/3	C34.1	Yes	Yes		0	1:DECEASED	762dea8a-5b41-4058-979a-b7876ed13d7e	M0	N2	T4	Tumor Free	0	0:CENSORED	No			14	1	Male	LUAD	54
TCGA-05-4396	76	STAGE IIIB	5TH	-19	LUAD		-28094	0			9.961534668			7/22/10	EUR	No	C34.3	8255/3	C34.3	Yes	Yes		9.961534668	1:DECEASED	9f81c602-8afa-4588-b0b6-6e5a1a128d5a	M0	N1	T4		9.961534668	0:CENSORED	Yes			-12	1	Male	LUAD	-16
TCGA-05-4397	65	STAGE IIB	5TH	19	LUAD		-23833	0			24.03261334			7/22/10	EUR	No	C34.2	8255/3	C34.2	Yes	Yes		24.03261334	1:DECEASED	6dfd47d2-831a-4386-9051-f78199a16bb5	M0	N1	T2		24.03261334	0:CENSORED	No			18	1	Male	LUAD	14
TCGA-05-4398	47	STAGE IIIB	5TH	33	LUAD	1431	-17471	0	47.04605977	0:DiseaseFree	47.04605977	0:ALIVE OR DEAD TUMOR FREE		7/22/10	EUR	No	C34.1	8255/3	C34.1	Yes	Yes	No	47.04605977	0:LIVING	31c96e35-5e2f-429c-b12a-7bc5a497a300	M0	N3	T4	Tumor Free	47.04605977	0:CENSORED	No		No	18	1	Female	LUAD	36
TCGA-05-4402	57	STAGE IV	6TH	17	LUAD		-20819	0			8.021829898	0:ALIVE OR DEAD TUMOR FREE		7/22/10	EUR	No	C34.3	8255/3	C34.3	Yes	Yes	No	8.021829898	1:DECEASED	722d6818-f1cb-49f4-b68a-fd0a31304681	M1	NX	T2	Tumor Free	8.021829898	0:CENSORED	Yes		No	12	1	Female	LUAD	24
TCGA-05-4403	76	STAGE IB	5TH	-3	LUAD	578	-27881	0			19.00253148	0:ALIVE OR DEAD TUMOR FREE		7/22/10	EUR	No	C34.1	8255/3	C34.1	Yes	Yes		19.00253148	0:LIVING	ce15f31f-2bad-4485-96fa-495bfa262e66	M0	N0	T2		19.00253148	0:CENSORED	No			-6	1	Male	LUAD	0
TCGA-05-4405	74	STAGE IB	5TH	-31	LUAD	610	-27241	0			20.05457474	0:ALIVE OR DEAD TUMOR FREE		7/22/10	EUR	No	C34.3	8255/3	C34.3	Yes	Yes	No	20.05457474	0:LIVING	f587c9ab-2949-4410-80d6-a050865d48aa	M0	N0	T2	Tumor Free	20.05457474	0:CENSORED	Yes		No	-12	1	Female	LUAD	-20
TCGA-05-4410	62	STAGE IB	6TH	-17	LUAD	0	-22888	0			0	0:ALIVE OR DEAD TUMOR FREE		7/22/10	EUR	No	C34.1	8255/3	C34.1	Yes	Yes		0	0:LIVING	d28e465c-e553-4c53-8bb7-3d8199b9a8a5	M0	N0	T2		0	0:CENSORED	Yes			-6	1	Male	LUAD	-20
TCGA-05-4415	57	STAGE IIIB	6TH	35	LUAD		-20880	0			2.991748036	1:DEAD WITH TUMOR		7/22/10	EUR	No	C34.3	8255/3	C34.3	Yes	Yes	Yes	2.991748036	1:DECEASED	d15b7b29-c5c5-41d8-b83b-7cc12fe92820	M0	N2	T4	With Tumor	1.972581122	1:PROGRESSION	No		No	20	1	Male	LUAD	32
TCGA-05-4417	51	STAGE IB	6TH	-17	LUAD	455	-18780	0			14.95874018	0:ALIVE OR DEAD TUMOR FREE		7/22/10	EUR	No	C34.1	8255/3	C34.1	Yes	Yes	No	14.95874018	0:LIVING	a244a99a-d7cc-4fb1-bc76-b66886481621	M0	N0	T2	Tumor Free	14.95874018	0:CENSORED	No		No	-10	1	Female	LUAD	-20
TCGA-05-4418	69	STAGE IIIA	6TH	33	LUAD		-25417	0			9.008120459			7/22/10	EUR	No	C34.3	8255/3	C34.3	Yes	Yes		9.008120459	1:DECEASED	d2c1e896-6886-4122-bb48-5fbcd3f641f4	M0	N2	T3		9.008120459	0:CENSORED	Yes			16	1	Male	LUAD	40
TCGA-05-4420	41	STAGE IB	6TH	29	LUAD	912	-15159	0	29.98323306	0:DiseaseFree	29.98323306	0:ALIVE OR DEAD TUMOR FREE		7/22/10	EUR	No	C34.3	8255/3	C34.3	Yes	Yes	No	29.98323306	0:LIVING	3d2aa654-1b5f-4eb4-a1c2-af31f5760069	M0	N0	T2	Tumor Free	29.98323306	0:CENSORED	No		No	20	1	Male	LUAD	30
TCGA-05-4422	68	STAGE IB	6TH	-15	LUAD	365	-24837	0			11.9998685	0:ALIVE OR DEAD TUMOR FREE		7/22/10	EUR	No	C34.3	8255/3	C34.3	Yes	Yes		11.9998685	0:LIVING	44dec838-b653-42a7-a58b-a1fd232cd68c	M0	N0	T2		11.9998685	0:CENSORED	No			4	1	Male	LUAD	-16
TCGA-05-4424	70	STAGE IIB	6TH	-13	LUAD	913	-25689	0			30.01610941	0:ALIVE OR DEAD TUMOR FREE		7/22/10	EUR	No	C34.1	8255/3	C34.1	Yes	Yes	Yes	30.01610941	0:LIVING	66763a0c-6cda-4832-a0cc-e7b496d78eaa	M0	N0	T3	With Tumor	5.030081862	1:PROGRESSION	No		Yes	10	1	Male	LUAD	-8
TCGA-05-4425	70	STAGE IV	6TH	-5	LUAD	669	-25902	0			21.99427952	0:ALIVE OR DEAD TUMOR FREE		7/22/10	EUR	No	C34.2	8255/3	C34.2	Yes	Yes		21.99427952	0:LIVING	69b23036-add9-42c9-941f-02fb74d9b08c	M1	N0	T2		21.99427952	0:CENSORED	No			10	1	Female	LUAD	8
TCGA-05-4426	71	STAGE IB	6TH	13	LUAD	791	-26084	0	15.02449288	1:Recurred/Progressed	26.00519446	0:ALIVE OR DEAD TUMOR FREE		7/22/10	EUR	No	C34.3	8255/3	C34.3	Yes	Yes	Yes	26.00519446	0:LIVING	36bf02f8-c1c8-49f9-a417-adf88a205c70	M0	N0	T2	Tumor Free	15.02449288	1:PROGRESSION	No			4	1	Male	LUAD	26
TCGA-05-4427	65	STAGE IIB	6TH	-1	LUAD	791	-23893	0	26.00519446	0:DiseaseFree	26.00519446	0:ALIVE OR DEAD TUMOR FREE		7/22/10	EUR	No	C34.1	8255/3	C34.1	Yes	Yes	No	26.00519446	0:LIVING	78a24c56-576c-4245-bb42-6603b3d19897	M0	N1	T2	Tumor Free	26.00519446	0:CENSORED	Yes		No	8	1	Female	LUAD	6
TCGA-05-4430	59	STAGE IB	6TH	-1	LUAD	761	-21884	0			25.0189039	0:ALIVE OR DEAD TUMOR FREE		7/22/10	EUR	No	C34.3	8255/3	C34.3	Yes	Yes	No	25.0189039	0:LIVING	3a23cdb5-2327-45ac-b0b5-d4afe038c757	M0	N0	T2	Tumor Free	25.0189039	0:CENSORED	No			2	1	Female	LUAD	26
TCGA-05-4432	66	STAGE IIB	6TH	9	LUAD	761	-24350	0	25.0189039	0:DiseaseFree	25.0189039	0:ALIVE OR DEAD TUMOR FREE		7/22/10	EUR	No	C34.1	8255/3	C34.1	Yes	Yes	No	25.0189039	0:LIVING	e737f650-b72d-44e7-b750-558a56716803	M0	N1	T2	Tumor Free	25.0189039	0:CENSORED	No		No	14	1	Male	LUAD	20
TCGA-05-4433	82	STAGE IB	6TH	-21	LUAD	730	-30194	0			23.99973699	0:ALIVE OR DEAD TUMOR FREE		7/22/10	EUR	No	C34.3	8255/3	C34.3	Yes	Yes	No	23.99973699	0:LIVING	aea68827-dc0f-484d-a00d-06deeaa4b3ce	M0	N0	T2	Tumor Free	23.99973699	0:CENSORED	No			0	1	Male	LUAD	-26
TCGA-05-4434	67	STAGE IV	6TH	29	LUAD		-24472	0			15.02449288			7/22/10	EUR	No	C34.3	8255/3	C34.3	Yes	Yes		15.02449288	1:DECEASED	d94fe32f-bedd-4f4c-9feb-fcb60d40f4bb	M1	N1	T4		15.02449288	0:CENSORED	Yes			24	1	Female	LUAD	56
TCGA-05-5423	65	STAGE IIB	6TH	-3	LUAD	151	-23863	0			4.964329158	0:ALIVE OR DEAD TUMOR FREE		3/22/11	EUR	No	C34.9	8255/3	C34.9	Yes	Yes		4.964329158	0:LIVING	33e3f736-7990-4f7a-ac35-863247566541	M0	N1	T2	Tumor Free	4.964329158	0:CENSORED	No			-12	1	Male	LUAD	4
TCGA-05-5425	68	STAGE IIB	7TH	7	LUAD	882	-25020	0			28.9969425	0:ALIVE OR DEAD TUMOR FREE		3/22/11	EUR	No	C34.9	8255/3	C34.9	Yes	Yes	Yes	28.9969425	0:LIVING	9b4eeecb-6aff-435b-a244-ec362af92b7f	M0	N1	T2B	Tumor Free	15.97790709	1:PROGRESSION	No		Yes	4	1	Male	LUAD	-8
TCGA-05-5428	57	STAGE IIA	7TH	23	LUAD	670	-21061	0	22.02715587	0:DiseaseFree	22.02715587	0:ALIVE OR DEAD TUMOR FREE		3/22/11	EUR	No	C34.9	8255/3	C34.9	Yes	Yes	No	22.02715587	0:LIVING	3fe8f8e4-5396-4362-82f5-366e2fb69db2	M0	N1	T1B	Tumor Free	22.02715587	0:CENSORED	No		Yes	10	1	Male	LUAD	36
TCGA-05-5429	60	STAGE IIIA	7TH	21	LUAD	30	-22066	0			9.040996811	0:ALIVE OR DEAD TUMOR FREE		3/22/11	EUR	No	C34.1	8140/3	C34.9	Yes	Yes		9.040996811	1:DECEASED	63bd2175-4b7c-44c9-aef3-9efc8f79837b	M0	N2	T3	Tumor Free	9.040996811	0:CENSORED	No			12	1	Male	LUAD	24
TCGA-05-5715	69	STAGE IB	7TH	-19	LUAD	62	-25383	0			2.038333827	0:ALIVE OR DEAD TUMOR FREE		3/22/11	EUR	No	C34.1	8255/3	C34.1	Yes	Yes		2.038333827	0:LIVING	e0a19099-5d25-40df-ad73-6260df3a1b32	M0	N0	T2A	Tumor Free	2.038333827	0:CENSORED	No			-8	1	Female	LUAD	-18
TCGA-17-Z000					LUAD										EUR						No															1			
TCGA-17-Z001					LUAD										EUR						No															1			
TCGA-17-Z002					LUAD										EUR						No															1			
TCGA-17-Z003					LUAD										EUR						No															1			
TCGA-17-Z004					LUAD										EUR						No															1			
TCGA-17-Z005					LUAD										AFR						No															1			
TCGA-17-Z007					LUAD										EUR						No															1			
TCGA-17-Z009					LUAD										EUR						No															1			
TCGA-17-Z010					LUAD										EUR						No															1			
TCGA-17-Z011					LUAD										EUR						No															1			
TCGA-17-Z013					LUAD										EUR						No															1			
TCGA-17-Z014					LUAD										EUR						No															1			
TCGA-17-Z015					LUAD										AFR						No															1			
TCGA-17-Z016					LUAD										EUR						No															1			
TCGA-17-Z017					LUAD										EUR						No															1			
TCGA-17-Z018					LUAD										AFR						No															1			
TCGA-17-Z019					LUAD										AFR						No															1			
TCGA-17-Z020					LUAD										EUR						No															1			
TCGA-17-Z021					LUAD										AFR						No															1			
TCGA-17-Z022					LUAD										EUR						No															1			
TCGA-17-Z023					LUAD										EUR						No															1			
TCGA-17-Z025					LUAD										EUR						No															1			
TCGA-17-Z026					LUAD										AFR						No															1			
TCGA-17-Z027					LUAD										EUR						No															1			
TCGA-17-Z028					LUAD										EUR						No															1			
TCGA-17-Z030					LUAD										EUR						No															1			
TCGA-17-Z031					LUAD										EUR						No															1			
TCGA-17-Z032					LUAD										EUR						No															1			
TCGA-17-Z033					LUAD										EUR						No															1			
TCGA-17-Z036					LUAD										EUR						No															1			
TCGA-17-Z037					LUAD										EUR						No															1			
TCGA-17-Z041					LUAD										EUR						No															1			
TCGA-17-Z042					LUAD										EUR						No															1			
TCGA-17-Z043					LUAD										EUR						No															1			
TCGA-17-Z044					LUAD										EUR						No															1			
TCGA-17-Z045					LUAD										EUR						No															1			
TCGA-17-Z047					LUAD										EUR						No															1			
TCGA-17-Z048					LUAD										EUR						No															1			
TCGA-17-Z049					LUAD										EUR						No															1			
TCGA-17-Z050					LUAD										EUR						No															1			
TCGA-17-Z051					LUAD										EUR						No															1			
TCGA-17-Z052					LUAD										EUR						No															1			
TCGA-17-Z053					LUAD										EUR						No															1			
TCGA-17-Z054					LUAD										EUR						No															1			
TCGA-17-Z055					LUAD										EUR						No															1			
TCGA-17-Z056					LUAD										EUR						No															1			
TCGA-17-Z057					LUAD										EUR						No															1			
TCGA-17-Z058					LUAD										AFR						No															1			
TCGA-17-Z059					LUAD										EUR						No															1			
TCGA-17-Z060					LUAD										EUR						No															1			
TCGA-17-Z061					LUAD										EUR						No															1			
TCGA-17-Z062					LUAD										EUR						No															1			
TCGA-35-3615	57	STAGE IB		-9	LUAD	14	-21076	0			0.460268929	0:ALIVE OR DEAD TUMOR FREE	Not Hispanic Or Latino	12/20/10	EUR	No	C34.1	8140/3	C34.1	Yes	Yes		0.460268929	0:LIVING	e8b7a103-644f-4865-92f8-80b053bd5e17	M0	N0	T2	Tumor Free	0.460268929	0:CENSORED	No	White		-18	1	Male	LUAD	-12
TCGA-35-4122	69	STAGE IA	7TH	43	LUAD	225	-25491	0			7.397179209	0:ALIVE OR DEAD TUMOR FREE	Not Hispanic Or Latino	12/20/10	EUR	No	C34.1	8140/3	C34.1	Yes	Yes		7.397179209	0:LIVING	44adf4cb-2829-4153-80fd-a8b7ee0e654a	M0	N0	T1	Tumor Free	7.397179209	0:CENSORED	No	White		22	1	Male	LUAD	40
TCGA-35-4123	38	STAGE IA	7TH	39	LUAD	182	-14064	0			5.983496071	0:ALIVE OR DEAD TUMOR FREE	Not Hispanic Or Latino	12/20/10	EUR	No	C34.1	8140/3	C34.1	Yes	Yes		5.983496071	0:LIVING	6cf49cf0-de4c-4c90-8358-eae19c6206b0	M0	N0	T1	Tumor Free	5.983496071	0:CENSORED	No	White		16	1	Male	LUAD	48
TCGA-35-5375	61	STAGE IIIA		35	LUAD	264	-22628	0			8.679356939	0:ALIVE OR DEAD TUMOR FREE	Not Hispanic Or Latino	5/20/11	EUR	No	C34.1	8140/3	C34.1	Yes	Yes		8.679356939	0:LIVING	5d2a9a4f-678d-4089-a8c5-81a5cb696629	M0	N2	T2	Tumor Free	8.679356939	0:CENSORED	No	White		22	1	Male	LUAD	36
TCGA-38-4625	66	STAGE IB	5TH	33	LUAD	2973	-24241	0	97.74139462	0:DiseaseFree	97.74139462	0:ALIVE OR DEAD TUMOR FREE	Not Hispanic Or Latino	12/7/10	EUR	No	C34.1	8140/3	C34.1	Yes	Yes		97.74139462	0:LIVING	0ea4920f-f4c8-4590-84b3-eb419824e144	M0	N0	T2A		97.74139462	0:CENSORED	No	White	No	18	1	Female	LUAD	42
TCGA-38-4626	57	STAGE IIA	6TH	-23	LUAD	3674	-20903	0	120.7877174	0:DiseaseFree	120.7877174	0:ALIVE OR DEAD TUMOR FREE	Not Hispanic Or Latino	12/7/10	EUR	No	C34.1	8140/3	C34.1	Yes	Yes	Yes	120.7877174	0:LIVING	2079155a-d91d-4246-a038-01934a580f32	M0	N0	T2B	Tumor Free	82.78265444	1:PROGRESSION	No	White	No	-12	1	Female	LUAD	-26
TCGA-38-4627	64	STAGE IIA		13	LUAD		-23510	0	37.70917579	0:DiseaseFree	37.70917579		Not Hispanic Or Latino	12/7/10	EUR	No	C34.1	8140/3	C34.1	Yes	Yes		37.70917579	1:DECEASED	d717fa33-3c91-4ced-89c6-79ff5542f04c	M0	N1	T1B		37.70917579	0:CENSORED	No	White	No	-6	1	Female	LUAD	26
TCGA-38-4628	65	STAGE IIB	5TH	5	LUAD		-24057	0	35.60508926	1:Recurred/Progressed	49.05151724	1:DEAD WITH TUMOR	Not Hispanic Or Latino	12/9/10	EUR	No	C34.1	8140/3	C34.1	Yes	Yes	Yes	49.05151724	1:DECEASED	cc4bd56a-25c5-4c48-b583-ac3aeb778ca6	M0	N1	T2	With Tumor	35.60508926	1:PROGRESSION	No	White	No	2	1	Female	LUAD	0
TCGA-38-4631	72	STAGE IB		31	LUAD		-26538	0			11.63822862	1:DEAD WITH TUMOR	Not Hispanic Or Latino	12/14/10	EUR	No	C34.1	8140/3	C34.1	Yes	Yes	Yes	11.63822862	1:DECEASED	2483621a-4db3-41ab-aa33-b9427ea8a0af	M0	N0	T2	With Tumor	11.63822862	1:PROGRESSION	Yes	White	No	24	1	Female	LUAD	26
TCGA-38-4632	42	STAGE IV	5TH	33	LUAD		-15418	0			44.61320972	1:DEAD WITH TUMOR	Not Hispanic Or Latino	12/13/10	AFR	No	C34.1	8140/3	C34.1	Yes	Yes	Yes	44.61320972	1:DECEASED	875333ab-9048-462d-aaa2-693ad127e3cc	M1	N1	T2	With Tumor	22.35591939	1:PROGRESSION	No	Black or African American	No	20	1	Male	LUAD	22
TCGA-38-6178	70	STAGE IIIA		-5	LUAD	448	-25593	0			14.72860571	0:ALIVE OR DEAD TUMOR FREE	Not Hispanic Or Latino	4/14/11	EUR	No	C34.1	8140/3	C34.1	Yes	Yes	No	14.72860571	0:LIVING	edf80622-aea2-4b50-bb69-691d6708aa83		N2	T2B	With Tumor	14.72860571	0:CENSORED	Yes	White	No	-10	1	Female	LUAD	4
TCGA-38-7271	72	STAGE IA	6TH	-41	LUAD		-26440	0	9.99441102	1:Recurred/Progressed	26.30108163	1:DEAD WITH TUMOR	Not Hispanic Or Latino	11/10/11	EUR	No	C34.1	8140/3	C34.1	Yes	Yes	Yes	26.30108163	1:DECEASED	8214a0d1-5e2d-4a7a-acb1-e5580755db83	M0	N0	T1	With Tumor	9.99441102	1:PROGRESSION	Yes	White	No	-14	1	Female	LUAD	-54
TCGA-38-A44F	80	STAGE IB	7TH	-21	LUAD	133	-29534	0	4.372554821	0:DiseaseFree	4.372554821	0:ALIVE OR DEAD TUMOR FREE	Not Hispanic Or Latino	10/31/12	EUR	No	C34.1	8550/3	C34.1	Yes	Yes		4.372554821	0:LIVING	258A3A41-211B-4C66-BD3B-EF03014A6967	M0	N0	T2A	Tumor Free	4.372554821	0:CENSORED	No	White	No	-14	1	Male	LUAD	-26
TCGA-44-2655	65	STAGE IA	6TH	-17	LUAD	1324	-23854	0	43.5282901	0:DiseaseFree	43.5282901	0:ALIVE OR DEAD TUMOR FREE	Not Hispanic Or Latino	10/9/10	EUR	No	C34.1	8140/3	C34.1	Yes	Yes	Yes	43.5282901	0:LIVING	07b5663f-9a54-4462-b6c1-6fc8116b8714	M0	N0	T1	Tumor Free	33.17223921	1:PROGRESSION	Yes	White	No	-10	1	Female	LUAD	4
TCGA-44-2656	59	STAGE IB	6TH	15	LUAD	1429	-21766	0	46.98030707	0:DiseaseFree	46.98030707	0:ALIVE OR DEAD TUMOR FREE	Not Hispanic Or Latino	10/8/10	EUR	No	C34.1	8140/3	C34.1	Yes	Yes	Yes	46.98030707	0:LIVING	42ca54fc-c1ae-41cd-bca1-7fe9810db460	M0	N0	T2	Tumor Free	18.67376796	1:PROGRESSION	No	White	No	10	1	Male	LUAD	14
TCGA-44-2657	74	STAGE IB	6TH	-17	LUAD	1351	-27298	0	44.41595161	0:DiseaseFree	44.41595161	0:ALIVE OR DEAD TUMOR FREE	Not Hispanic Or Latino	10/8/10	EUR	No	C34.1	8140/3	C34.1	Yes	Yes	No	44.41595161	0:LIVING	f40301ba-831e-4afd-9ce8-5f3c1a05ff7e	M0	NX	T2	Tumor Free	44.41595161	0:CENSORED	No	White	No	-10	1	Female	LUAD	-32
TCGA-44-2659	65	STAGE IIB	6TH	-15	LUAD	1367	-23808	0	37.67629944	1:Recurred/Progressed	44.94197324	0:ALIVE OR DEAD TUMOR FREE	Not Hispanic Or Latino	10/11/10	EUR	No	C34.3	8140/3	C34.3	Yes	Yes	No	44.94197324	0:LIVING	bf15f7ad-9d92-473b-91d1-f24aa373ab97	M0	N1	T1	Tumor Free	37.67629944	1:PROGRESSION	No	White	No	-12	1	Female	LUAD	-26
TCGA-44-2662	65	STAGE IB	6TH	29	LUAD	1280	-24014	0			42.08173061	0:ALIVE OR DEAD TUMOR FREE	Not Hispanic Or Latino	10/12/10	EUR	No	C34.1	8140/3	C34.1	Yes	Yes	No	42.08173061	0:LIVING	ccda26c1-a6d6-4317-8cf8-8a87e15ce12e	M0	N0	T2	Tumor Free	8.05470625	1:PROGRESSION	Yes	White	No	20	1	Male	LUAD	36
TCGA-44-2665	55	STAGE IIB	6TH	1	LUAD	1301	-20349	0			42.772134	0:ALIVE OR DEAD TUMOR FREE	Not Hispanic Or Latino	10/13/10	EUR	No	C34.1	8140/3	C34.1	Yes	Yes	No	42.772134	0:LIVING	fb79c491-7b01-42ae-8369-8364e442e31b	M0	N1	T2	Tumor Free	42.772134	0:CENSORED	No	White	No	-4	1	Female	LUAD	20
TCGA-44-2666	43	STAGE IB	6TH	-19	LUAD	97	-15970	0			3.189006148	1:DEAD WITH TUMOR	Hispanic Or Latino	10/8/10		No	C34.1	8140/3	C34.1	Yes	Yes	No	3.189006148	1:DECEASED	e16ca88f-488b-40f0-9169-e5a62482a2ff	M0	N0	T2	With Tumor	3.189006148	1:PROGRESSION	No	White	No	-4	1	Male	LUAD	-6
TCGA-44-2668	51	STAGE IB	6TH	37	LUAD	246	-18856	0	14.23546043	1:Recurred/Progressed	25.0189039	1:DEAD WITH TUMOR	Not Hispanic Or Latino	10/22/10	EUR	No	C34.1	8140/3	C34.1	Yes	Yes	Yes	25.0189039	1:DECEASED	bab43415-d413-40be-a4c0-2c40a52afe6a	M0	N0	T2	Tumor Free	14.23546043	1:PROGRESSION	No	White	No	20	1	Male	LUAD	40
TCGA-44-3396	74	STAGE IIIA	7TH	23	LUAD	1130	-27073	0	37.15027781	0:DiseaseFree	37.15027781	0:ALIVE OR DEAD TUMOR FREE	Not Hispanic Or Latino	10/18/10	EUR	No	C34.1	8140/3	C34.1	Yes	Yes	No	37.15027781	0:LIVING	3bd6badb-27ff-4d8d-b206-4d28dc264862	M0	N2	T2	Tumor Free	37.15027781	0:CENSORED	No	White	No	10	1	Female	LUAD	28
TCGA-44-3398	77	STAGE IA	6TH	27	LUAD	1163	-28392	0	38.23519742	0:DiseaseFree	38.23519742	0:ALIVE OR DEAD TUMOR FREE	Not Hispanic Or Latino	10/11/10	EUR	No	C34.3	8140/3	C34.3	Yes	Yes	No	38.23519742	0:LIVING	ffb0c0b7-165e-4439-b3e6-62431f40b7fe	M0	N0	T1B	Tumor Free	38.23519742	0:CENSORED	No	White	No	2	1	Female	LUAD	42
TCGA-44-3917	33	STAGE IB	6TH		LUAD	1183	-12179	0	38.89272446	0:DiseaseFree	38.89272446	0:ALIVE OR DEAD TUMOR FREE	Not Hispanic Or Latino	10/8/10	EUR	No	C34.1	8140/3	C34.1	Yes	No	No	38.89272446	0:LIVING	7099597a-b208-45b5-b9e0-11ab40d5e497	M0	N0	T2	Tumor Free	38.89272446	0:CENSORED	No	White	No		1	Female		
TCGA-44-3918	60	STAGE IA	6TH	13	LUAD	1036	-22236	0	16.79981589	1:Recurred/Progressed	34.05990071	0:ALIVE OR DEAD TUMOR FREE	Not Hispanic Or Latino	10/7/10	EUR	No	C34.1	8140/3	C34.1	Yes	Yes	Yes	34.05990071	0:LIVING	6e3b6b72-142d-4b8d-a462-28a205796e41	M0	N0	T1	Tumor Free	16.79981589	1:PROGRESSION	No	White	No	2	1	Female	LUAD	42
TCGA-44-3919	71	STAGE IA	7TH	9	LUAD	190	-26081	0	30.27912023	1:Recurred/Progressed	33.73113719	1:DEAD WITH TUMOR	Not Hispanic Or Latino	10/7/10	EUR	No	C34.1	8140/3	C34.1	Yes	Yes	Yes	33.73113719	1:DECEASED	66ed89f6-8ba2-49d0-af0f-4b6ebf2381bf	M0	N0	T1	Tumor Free	30.27912023	1:PROGRESSION	No	White	No	8	1	Female	LUAD	26
TCGA-44-4112	60	STAGE IB	6TH	27	LUAD	722	-22106	0	20.35046191	1:Recurred/Progressed	26.56409245	1:DEAD WITH TUMOR	Not Hispanic Or Latino	10/12/10	EUR	No	C34.1	8140/3	C34.1	Yes	Yes	No	26.56409245	1:DECEASED	68b86559-38b2-41f2-b66e-c3c2b628b14d	M0	N0	T2A		20.35046191	1:PROGRESSION	No	White	No	16	1	Female	LUAD	52
TCGA-44-5643	53	STAGE IIIA	7TH	11	LUAD	1013	-19426	0			33.30374462	0:ALIVE OR DEAD TUMOR FREE	Not Hispanic Or Latino	4/13/11	AFR	No	C34.3	8140/3	C34.3	Yes	Yes	No	33.30374462	0:LIVING	27fceec1-3298-4cdd-a4e6-8f5cf34604f0	M0	N2	T2B	Tumor Free	33.30374462	0:CENSORED	No	Black or African American	Yes	14	1	Male	LUAD	22
TCGA-44-5644	51	STAGE IB	7TH	5	LUAD	863	-18644	0	28.37229181	0:DiseaseFree	28.37229181	0:ALIVE OR DEAD TUMOR FREE	Not Hispanic Or Latino	10/12/11	EUR	No	C34.3	8140/3	C34.3	Yes	Yes	No	28.37229181	0:LIVING	1fc81cd4-fa89-4135-8c3c-027ffae82b05		N0	T2A	Tumor Free	28.37229181	0:CENSORED	No	White	No	8	1	Female	LUAD	-6
TCGA-44-5645	61	STAGE IA	7TH	-37	LUAD	852	-22471	0	28.01065194	0:DiseaseFree	28.01065194	0:ALIVE OR DEAD TUMOR FREE	Not Hispanic Or Latino	4/13/11	AFR_ADMIX	No	C34.1	8140/3	C34.1	Yes	Yes	No	28.01065194	0:LIVING	ddeacccf-0953-4952-8a4e-c2617f2e7bcc		NX	T1	Tumor Free	28.01065194	0:CENSORED	No	Black or African American	No	-20	1	Female	LUAD	-40
TCGA-44-6144	58	STAGE IA	7TH		LUAD	723	-21283	0	13.11766446	1:Recurred/Progressed	23.76960253	0:ALIVE OR DEAD TUMOR FREE	Not Hispanic Or Latino	6/7/11	EUR	No	C34.1	8140/3	C34.1	Yes	No	Yes	23.76960253	0:LIVING	22302e92-fdfa-462a-9249-efdaa26ee5ed	M0	N0	T1A	Tumor Free	13.11766446	1:PROGRESSION	No	White	No		1	Male		
TCGA-44-6145	62	STAGE IA	7TH	-1	LUAD	595	-22745	0	19.56142946	0:DiseaseFree	19.56142946	0:ALIVE OR DEAD TUMOR FREE	Not Hispanic Or Latino	5/31/11	EUR	No	C34.1	8140/3	C34.1	Yes	Yes	No	19.56142946	0:LIVING	6144d666-8f77-4efe-95f1-f9e5c4e5e056	M0	N0	T1	Tumor Free	19.56142946	0:CENSORED	No	White	No	22	1	Female	LUAD	20
TCGA-44-6146	64	STAGE IIB	7TH	-29	LUAD	728	-23378	0	20.74497814	1:Recurred/Progressed	23.93398429	0:ALIVE OR DEAD TUMOR FREE	Not Hispanic Or Latino	6/7/11	EUR	No	C34.30	8480/3	C34.3	Yes	Yes	Yes	23.93398429	0:LIVING	0c0b610e-fe4c-406d-a5ed-5cc3b11dabf5	M0	N0	T3	Tumor Free	20.74497814	1:PROGRESSION	Yes	White	No	-18	1	Male	LUAD	-38
TCGA-44-6148	60	STAGE IA	7TH	-41	LUAD	704	-22138	0	23.14495184	0:DiseaseFree	23.14495184	0:ALIVE OR DEAD TUMOR FREE	Not Hispanic Or Latino	5/31/11	EUR	No	C34.30	8480/3	C34.3	Yes	Yes	No	23.14495184	0:LIVING	8994c8c4-9ea0-46cb-b4a5-0055d7da5bfa	M0	N0	T1B	Tumor Free	23.14495184	0:CENSORED	No	White	No	-18	1	Male	LUAD	-46
TCGA-44-6774	56	STAGE IIIA	7TH	-23	LUAD	658	-20462	0	21.63263964	0:DiseaseFree	21.63263964	0:ALIVE OR DEAD TUMOR FREE	Not Hispanic Or Latino	8/24/11	EUR	No	C34.3	8140/3	C34.3	Yes	Yes	No	21.63263964	0:LIVING	33c71ead-4c2a-476d-85ef-885dbbfc2cbd	M0	N2	T1		21.63263964	0:CENSORED	No	White	Yes	-6	1	Female	LUAD	-4
TCGA-44-6775	72	STAGE IB	7TH	-7	LUAD	705	-26415	0	22.4874248	1:Recurred/Progressed	23.17782819	0:ALIVE OR DEAD TUMOR FREE	Hispanic Or Latino	8/24/11		No	C34.1	8140/3	C34.1	Yes	Yes	Yes	23.17782819	0:LIVING	3c4ff061-d214-4d1c-8d2e-3034f207c252	MX	N0	T2A		22.4874248	1:PROGRESSION	No	White	No	6	1	Female	LUAD	-4
TCGA-44-6776	60	STAGE IA	6TH	-35	LUAD	2616	-22150	0	86.00453694	0:DiseaseFree	86.00453694	0:ALIVE OR DEAD TUMOR FREE		8/25/11	EUR	No	C34.1	8140/3	C34.1	Yes	Yes	No	86.00453694	0:LIVING	c2a1de2e-6451-4c95-8ce6-263f2b7e6eff	MX	N0	T1	Tumor Free	86.00453694	0:CENSORED	Yes	White	No	-16	1	Female	LUAD	-38
TCGA-44-6777	85	STAGE IB	6TH	1	LUAD		-31234	0	32.44895946	0:DiseaseFree	32.44895946	0:ALIVE OR DEAD TUMOR FREE		8/30/11	EUR	No	C34.1	8140/3	C34.1	Yes	Yes	No	32.44895946	1:DECEASED	349e6f38-2c67-4a69-a777-b9173a2a27cf	MX	NX	T2	Tumor Free	32.44895946	0:CENSORED	No	White	Yes	-8	1	Female	LUAD	0
TCGA-44-6778	59	STAGE IA	6TH	-19	LUAD	1864	-21725	0	61.2815202	0:DiseaseFree	61.2815202	0:ALIVE OR DEAD TUMOR FREE		8/31/11	AFR	No	C34.1	8140/3	C34.9	Yes	Yes	No	61.2815202	0:LIVING	5d5cc436-6e57-4d23-a164-7f5153c2e666	MX	N0	T1	Tumor Free	61.2815202	0:CENSORED	No	Black or African American	No	12	1	Male	LUAD	-18
TCGA-44-6779	50	STAGE IIB	6TH	9	LUAD		-18469	0			16.43817602	1:DEAD WITH TUMOR		8/31/11	EUR	No	C34.1	8140/3	C34.9	Yes	Yes	Yes	16.43817602	1:DECEASED	cbbea9f1-396a-4bf3-b67c-2cac3394dceb	MX	N1	T2	With Tumor	7.627313673	1:PROGRESSION	No	White	No	4	1	Female	LUAD	4
TCGA-44-7659	70	STAGE IA	7TH	-31	LUAD	691	-25730	0	22.71755926	0:DiseaseFree	22.71755926	0:ALIVE OR DEAD TUMOR FREE	Not Hispanic Or Latino	12/30/11	EUR	No	C34.1	8140/3	C34.1	Yes	Yes	No	22.71755926	0:LIVING	b86b1616-20a2-4300-8daa-03dcc9938215	MX	N0	T1B	Tumor Free	22.71755926	0:CENSORED	No	White	No	-20	1	Male	LUAD	-38
TCGA-44-7660	72	STAGE IB	7TH	23	LUAD	592	-26594	0			19.46280041	0:ALIVE OR DEAD TUMOR FREE	Not Hispanic Or Latino	12/22/11	EUR	No	C34.1	8140/3	C34.1	Yes	Yes	No	19.46280041	0:LIVING	a534b96b-1665-444a-9308-e610f2f0e510	MX	N0	T2	Tumor Free	8.317717066	1:PROGRESSION	No	White	No	18	1	Male	LUAD	42
TCGA-44-7661	69	STAGE IB	7TH	33	LUAD	366	-25483	0	11.01357793	1:Recurred/Progressed	18.31212809	1:DEAD WITH TUMOR	Not Hispanic Or Latino	1/17/12	EUR	No	C34.3	8140/3	C34.3	Yes	Yes	Yes	18.31212809	1:DECEASED	cbfef004-b437-4d51-9d88-a2db50aa6481	M0	N0	T2A	Tumor Free	11.01357793	1:PROGRESSION	Yes	White	No	24	1	Female	LUAD	36
TCGA-44-7662	61	STAGE IB	7TH	27	LUAD	218	-22543	0	7.167044745	0:DiseaseFree	7.167044745	0:ALIVE OR DEAD TUMOR FREE	Not Hispanic Or Latino	12/21/11	EUR	No	C34.1	8140/3	C34.1	Yes	Yes	No	7.167044745	0:LIVING	ab9e6815-4d13-44db-93e5-553eb4f5bc95	MX	N0	T2A	Tumor Free	7.167044745	0:CENSORED	No	White	No	20	1	Male	LUAD	38
TCGA-44-7667	49	STAGE IIB	6TH	25	LUAD	1097	-18062	0	36.06535819	0:DiseaseFree	36.06535819	0:ALIVE OR DEAD TUMOR FREE	Not Hispanic Or Latino	12/21/11	EUR	No	C34.3	8140/3	C34.3	Yes	Yes	No	36.06535819	0:LIVING	7f6455e8-fa3d-4452-acb2-8c9995073072	MX	N0	T3	Tumor Free	36.06535819	0:CENSORED	No	White	No	18	1	Female	LUAD	28
TCGA-44-7669	59	STAGE IIA	7TH	17	LUAD		-21893	0	12.8217773	1:Recurred/Progressed	18.87102607	1:DEAD WITH TUMOR	Not Hispanic Or Latino	12/21/11	AFR	No	C34.1	8140/3	C34.1	Yes	Yes	Yes	18.87102607	1:DECEASED	4b22ad71-c585-4077-ad3c-c6e026d0c7fa	MX	N1	T1B	With Tumor	12.8217773	1:PROGRESSION	No	Black or African American	No	24	1	Male	LUAD	2
TCGA-44-7670	47	STAGE IIA	7TH	11	LUAD	882	-17392	0	28.9969425	0:DiseaseFree	28.9969425	0:ALIVE OR DEAD TUMOR FREE	Hispanic Or Latino	1/18/12	EUR	No	C34.1	8140/3	C34.1	Yes	Yes	No	28.9969425	0:LIVING	9b38eded-3f46-4aaa-9991-68008d97bdbe	M0	N1	T1B	Tumor Free	28.9969425	0:CENSORED	Yes	White	No	18	1	Female	LUAD	20
TCGA-44-7671	64	STAGE IB	7TH	-17	LUAD	889	-23538	0	29.02981885	1:Recurred/Progressed	29.22707696	0:ALIVE OR DEAD TUMOR FREE	Not Hispanic Or Latino	1/17/12	AFR	No	C34.2	8255/3	C34.2	Yes	Yes	Yes	29.22707696	0:LIVING	ebb33753-9d38-4368-9033-3e55f129d00d	M0	N0	T2A	Tumor Free	29.02981885	1:PROGRESSION	Yes	Black or African American	No	-8	1	Male	LUAD	-14
TCGA-44-7672	52	STAGE IA	7TH	17	LUAD	719	-19200	0	23.63809712	0:DiseaseFree	23.63809712	0:ALIVE OR DEAD TUMOR FREE	Not Hispanic Or Latino	1/10/12	EUR	No	C34.1	8140/3	C34.1	Yes	Yes	No	23.63809712	0:LIVING	4036c6fc-c82e-47bb-a384-6f299dc30b52	M0	N0	T1B	Tumor Free	23.63809712	0:CENSORED	No	White	No	10	1	Female	LUAD	28
TCGA-44-8117	54	STAGE IB	7TH	-3	LUAD	385	-19855	0	12.65739554	0:DiseaseFree	12.65739554	0:ALIVE OR DEAD TUMOR FREE	Not Hispanic Or Latino	6/11/12	EUR	No	C34.1	8140/3	C34.1	Yes	Yes	No	12.65739554	0:LIVING	6d96a298-be5a-4e14-afe8-ca4b6ca298d6	M0	N0	T2A	Tumor Free	12.65739554	0:CENSORED	No	White	No	0	1	Female	LUAD	12
TCGA-44-8119	73	STAGE IIB	7TH	19	LUAD	285	-27003	0	9.369760331	0:DiseaseFree	9.369760331	0:ALIVE OR DEAD TUMOR FREE	Not Hispanic Or Latino	5/31/12	EUR	No	C34.1	8140/3	C34.1	Yes	Yes	No	9.369760331	0:LIVING	230dc42d-681c-4e31-9d2e-c724e61829fb	M0	N0	T3	Tumor Free	9.369760331	0:CENSORED	Yes	White	No	26	1	Male	LUAD	38
TCGA-44-8120	58	STAGE IB	7TH	-7	LUAD	260	-21188	0	8.54785153	0:DiseaseFree	8.54785153	0:ALIVE OR DEAD TUMOR FREE	Not Hispanic Or Latino	5/31/12	AFR	No	C34.1	8140/3	C34.1	Yes	Yes	No	8.54785153	0:LIVING	83e38dbd-edab-47f2-b19f-6ea38fc6bece	M0	N0	T2A	Tumor Free	8.54785153	0:CENSORED	No	Black or African American	No	-4	1	Male	LUAD	-8
TCGA-44-A479	73	STAGE IB	7TH	-19	LUAD	486	-27024	0	15.97790709	0:DiseaseFree	15.97790709	0:ALIVE OR DEAD TUMOR FREE	Not Hispanic Or Latino	11/28/12	AFR_ADMIX	No	C34.1	8140/3	C34.1	Yes	Yes	Yes	15.97790709	0:LIVING	851867CB-9AD0-4FDF-AC75-9BB0427AD440	MX	N0	T2	Tumor Free	14.36696584	1:PROGRESSION	No	Black or African American	No	2	1	Female	LUAD	-8
TCGA-44-A47A	78	STAGE IB	7TH	-11	LUAD	466	-28782	0	13.05191176	1:Recurred/Progressed	15.32038005	0:ALIVE OR DEAD TUMOR FREE	Not Hispanic Or Latino	11/27/12	EUR	No	C34.1	8140/3	C34.1	Yes	Yes	Yes	15.32038005	0:LIVING	7B9479FF-23D6-4689-91F0-02EFC94300F9	MX	N0	T2A	Tumor Free	13.05191176	1:PROGRESSION	No	White	No	8	1	Female	LUAD	-8
TCGA-44-A47B	79	STAGE IB	7TH	-19	LUAD	287	-28869	0	9.435513036	0:DiseaseFree	9.435513036	0:ALIVE OR DEAD TUMOR FREE	Not Hispanic Or Latino	11/20/12	EUR	No	C34.1	8140/3	C34.1	Yes	Yes	No	9.435513036	0:LIVING	967D6548-5A84-4B7E-BC3F-2E522859FCE6	M0	N0	T2A	Tumor Free	9.435513036	0:CENSORED	No	White	No	-2	1	Male	LUAD	-10
TCGA-44-A47F	74	STAGE IIB	7TH		LUAD	337	-27122	0	11.07933064	0:DiseaseFree	11.07933064	0:ALIVE OR DEAD TUMOR FREE	Not Hispanic Or Latino	11/23/12	EUR	No	C34.1	8140/3	C34.1	Yes	No	No	11.07933064	0:LIVING	F61D599A-43BD-4743-9568-678317E75955	M0	N1	T2B	Tumor Free	11.07933064	0:CENSORED	Yes	White	No		1	Male		
TCGA-44-A47G	73	STAGE IA	7TH	7	LUAD	351	-26800	0	11.53959957	0:DiseaseFree	11.53959957	0:ALIVE OR DEAD TUMOR FREE	Not Hispanic Or Latino	11/27/12	EUR	No	C34.1	8140/3	C34.1	Yes	Yes	No	11.53959957	0:LIVING	DA345947-498B-4272-A231-A987ED4FE151	M0	N0	T1	Tumor Free	11.53959957	0:CENSORED	No	White	No	0	1	Female	LUAD	-2
TCGA-44-A4SS	73	STAGE IA	7TH	-13	LUAD	415	-26991	0	13.6436861	0:DiseaseFree	13.6436861	0:ALIVE OR DEAD TUMOR FREE	Not Hispanic Or Latino	1/28/13	EUR	No	C34.1	8140/3	C34.1	Yes	Yes	No	13.6436861	0:LIVING	F934ED41-090E-4313-BBC5-D1A4A9ED9AD7	M0	N0	T1B	Tumor Free	13.6436861	0:CENSORED	No	White	No	-2	1	Male	LUAD	-20
TCGA-44-A4SU	67	STAGE IA	7TH	-11	LUAD	76	-24820	0	8.54785153	1:Recurred/Progressed	13.44642798	1:DEAD WITH TUMOR	Not Hispanic Or Latino	1/29/13	EUR	No	C34.3	8140/3	C34.3	Yes	Yes	Yes	13.44642798	1:DECEASED	BF34664D-423D-4257-99D4-797F7D366455	MX	N0	T1A	Tumor Free	8.54785153	1:PROGRESSION	No	White	No	-14	1	Female	LUAD	18
TCGA-49-4486	72	STAGE IA	3RD	-3	LUAD		-26415	0	67.23213992	1:Recurred/Progressed	76.20738403	1:DEAD WITH TUMOR	Not Hispanic Or Latino	2/3/11	EUR	No	C34.3	8140/3	C34.3	Yes	Yes	Yes	76.20738403	1:DECEASED	61c655ec-52b5-453f-a6cc-b2aba445b027	M0	N0	T1	With Tumor	67.23213992	1:PROGRESSION	No	White	No	-14	1	Male	LUAD	0
TCGA-49-4487	72	STAGE IA	3RD	11	LUAD		-26583	0	22.91481737	1:Recurred/Progressed	28.10928099	1:DEAD WITH TUMOR	Not Hispanic Or Latino	8/9/11	EUR	No	C34.1	8140/3	C34.1	Yes	Yes	Yes	28.10928099	1:DECEASED	bd4e9a9f-17f3-4d33-92fc-fcc45dd0e7b4	M0	N0	T1	With Tumor	22.91481737	1:PROGRESSION	No	White	Yes	16	1	Female	LUAD	16
TCGA-49-4488	74	STAGE IA	3RD	19	LUAD		-27332	0			28.56954992		Not Hispanic Or Latino	8/9/11	EUR	No	C34.3	8140/3	C34.3	Yes	Yes	Yes	28.56954992	1:DECEASED	d721bfe0-90e3-415e-b9f3-1a270efa5fbb	MX	N0	T1		20.84360719	1:PROGRESSION	No	White	No	10	1	Female	LUAD	22
TCGA-49-4490	45	STAGE IIIA	4TH	-1	LUAD		-16634	0			12.65739554	1:DEAD WITH TUMOR	Not Hispanic Or Latino	8/9/11	EUR	No	C34.1	8140/3	C34.1	Yes	Yes	No	12.65739554	1:DECEASED	6c3655ca-8ae7-4ad7-b3e4-0c3ec293fba7	M0	N2	T3		12.65739554	1:PROGRESSION	No	White	Yes	-8	1	Female	LUAD	4
TCGA-49-4494	77	STAGE IIIA	4TH	33	LUAD		-28387	0			35.53933656	1:DEAD WITH TUMOR	Not Hispanic Or Latino	2/3/11	EUR	No	C34.1	8140/3	C34.1	Yes	Yes		35.53933656	1:DECEASED	c6d78e27-e510-4f57-abae-19efa6105a8d	M0	N2	T3	With Tumor	35.53933656	1:PROGRESSION	No	White		20	1	Male	LUAD	40
TCGA-49-4501	67	STAGE IB		5	LUAD	1421	-24817	0	17.91761186	1:Recurred/Progressed	46.71729625	1:DEAD WITH TUMOR	Not Hispanic Or Latino	2/2/11	EUR	No	C34.1	8140/3	C34.1	Yes	Yes	Yes	46.71729625	1:DECEASED	0780eb43-d5b5-4c3d-9825-beacba5cc723	M0	N0	T2	With Tumor	17.91761186	1:PROGRESSION	Yes	White	No	-16	1	Female	LUAD	12
TCGA-49-4505	61	STAGE IIB	4TH	21	LUAD		-22628	0	13.7094388	1:Recurred/Progressed	14.07107867	1:DEAD WITH TUMOR	Not Hispanic Or Latino	2/3/11	EUR	No	C34.3	8140/3	C34.3	Yes	Yes	Yes	14.07107867	1:DECEASED	088edf89-d2b5-40c7-b066-df3bd383f7ea	M0	N1	T2	With Tumor	13.7094388	1:PROGRESSION	No	White	No	-4	1	Female	LUAD	36
TCGA-49-4506	68	STAGE IIB	4TH	27	LUAD		-25132	0	22.75043561	1:Recurred/Progressed	32.84347569		Not Hispanic Or Latino	2/3/11	EUR	No	C34.1	8140/3	C34.1	Yes	Yes	Yes	32.84347569	1:DECEASED	b61abdfd-b7a0-4e1a-b570-d1eaecad3a9e	M0	N1	T2	With Tumor	22.75043561	1:PROGRESSION	No	White	Yes	14	1	Female	LUAD	44
TCGA-49-4507	73	STAGE IIIA		31	LUAD		-26851	0			8.810862347	1:DEAD WITH TUMOR	Not Hispanic Or Latino	2/2/11	EUR	No	C34.0	8140/3	C34.0	Yes	Yes	Yes	8.810862347	1:DECEASED	50b2c647-aecd-4c81-af22-0d8116593552	M0	N1	T3	With Tumor	5.194463622	1:PROGRESSION	No	White	Yes	16	1	Female	LUAD	36
TCGA-49-4510	51	STAGE IIB	5TH	-1	LUAD		-18762	0			29.45721143	1:DEAD WITH TUMOR	Not Hispanic Or Latino	2/3/11	AFR	No	C34.1	8140/3	C34.1	Yes	Yes	Yes	29.45721143	1:DECEASED	f77b6930-a1ce-446e-a15d-c018cbbecfee	M0	N1	T2	With Tumor	16.50392872	1:PROGRESSION	No	Black or African American	Yes	-16	1	Female	LUAD	6
TCGA-49-4512	69	STAGE IIIA	6TH	-7	LUAD	157	-25502	0			29.7530986	1:DEAD WITH TUMOR	Not Hispanic Or Latino	8/9/11	EUR	No	C34.2	8140/3	C34.2	Yes	Yes	No	29.7530986	1:DECEASED	a1e65587-24c1-4b41-92a7-4e1f15fffd78	MX	N2	T2	With Tumor	29.7530986	1:PROGRESSION	No	White	No	-16	1	Female	LUAD	10
TCGA-49-4514	79	STAGE IA	6TH	11	LUAD	1700	-28908	0	55.88979847	0:DiseaseFree	55.88979847	0:ALIVE OR DEAD TUMOR FREE		8/9/11	EUR	No	C34.1	8260/3	C34.1	Yes	Yes	No	55.88979847	0:LIVING	b87a5d92-4c09-48fe-bb08-b3c89a7c892e	M0	N0	T1	Tumor Free	55.88979847	0:CENSORED	No	White	No	12	1	Female	LUAD	2
TCGA-49-6742	70	STAGE IIA	7TH	1	LUAD	445	-25839	0			16.0436598	1:DEAD WITH TUMOR	Not Hispanic Or Latino	8/9/11	EUR	No	C34.1	8480/3	C34.1	Yes	Yes	Yes	16.0436598	1:DECEASED	21fb46f9-4bbb-441c-af19-a687e9138344	M0	N1	T2A	Tumor Free	7.035539337	1:PROGRESSION	Yes	White	No	16	1	Male	LUAD	4
TCGA-49-6743	81	STAGE IIIA	7TH	3	LUAD	1621	-29807	0	53.29256666	0:DiseaseFree	53.29256666	0:ALIVE OR DEAD TUMOR FREE		8/10/11	EUR	No	C34.1	8310/3	C34.1	Yes	Yes	No	53.29256666	0:LIVING	a391d49f-a822-460b-981c-6fbe1868ee38	MX	N2	T1	Tumor Free	53.29256666	0:CENSORED	No	White	No	24	1	Female	LUAD	4
TCGA-49-6744	64	STAGE IIA	7TH	-19	LUAD	1683	-23484	0	55.33090048	0:DiseaseFree	55.33090048	0:ALIVE OR DEAD TUMOR FREE		8/10/11	EUR	No	C34.1	8255/3	C34.1	Yes	Yes	No	55.33090048	0:LIVING	15340dd3-84ae-49fb-989a-eb212f3e73da	MX	N1	T2A	Tumor Free	55.33090048	0:CENSORED	No	White	No	-12	1	Female	LUAD	-10
TCGA-49-6745	82	STAGE IIIA	7TH	9	LUAD	522	-30133	0			17.16145577	0:ALIVE OR DEAD TUMOR FREE		8/11/11	EUR	No	C34.1	8260/3	C34.1	Yes	Yes	No	17.16145577	0:LIVING	9c7875ad-ab71-4d48-b2e3-e4c7a46393e9	M0	N2	T2A	Tumor Free	17.16145577	0:CENSORED	Yes	White	No	18	1	Male	LUAD	2
TCGA-49-6761	68	STAGE IIIA	6TH	29	LUAD	354	-24849	0	11.63822862	0:DiseaseFree	11.63822862	0:ALIVE OR DEAD TUMOR FREE	Not Hispanic Or Latino	3/2/12	EUR	No	C34.1	8140/3	C34.1	Yes	Yes	No	11.63822862	0:LIVING	4cd3d483-2283-4c6a-a57a-444216119d34	MX	N2	T1	Tumor Free	11.63822862	0:CENSORED	Yes	White	No	6	1	Female	LUAD	34
TCGA-49-6767	46	STAGE IIB	7TH	33	LUAD	677	-17108	0			22.25729033	0:ALIVE OR DEAD TUMOR FREE		8/10/11	EUR	No	C34.2	8140/3	C34.2	Yes	Yes		22.25729033	0:LIVING	6bffe800-ec2b-4638-9333-97fe85dcd91c	MX	N0	T3	Tumor Free	22.25729033	0:CENSORED	No	White		12	1	Female	LUAD	36
TCGA-49-AAQV	63	STAGE II	7TH	31	LUAD		-23370	0	16.73406319	1:Recurred/Progressed	22.25729033	0:ALIVE OR DEAD TUMOR FREE	Not Hispanic Or Latino	6/13/14	AFR	No	C34.3	8255/3	C34.3	Yes	Yes	Yes	22.25729033	1:DECEASED	96DFA373-4597-49A5-942E-D9B4DC5D28FC	MX	N1	T1	Tumor Free	16.73406319	1:PROGRESSION	No	Black or African American	No	14	1	Female	LUAD	26
TCGA-49-AAR0	57	STAGE IA	5TH	13	LUAD	4765	-20932	0	156.6558175	0:DiseaseFree	156.6558175	0:ALIVE OR DEAD TUMOR FREE	Not Hispanic Or Latino	6/18/14	AFR	No	C34.1	8140/3	C34.1	Yes	Yes	No	156.6558175	0:LIVING	3AFA5045-A1EE-4A07-8AAD-2E252B2F7D7A	MX	N0	T1	Tumor Free	156.6558175	0:CENSORED	Yes	Black or African American	No	2	1	Male	LUAD	14
TCGA-49-AAR2	64	STAGE IB	6TH	5	LUAD	2224	-23479	0	73.11700694	0:DiseaseFree	73.11700694	0:ALIVE OR DEAD TUMOR FREE	Not Hispanic Or Latino	6/18/14	AFR	No	C34.3	8550/3	C34.3	Yes	Yes	No	73.11700694	0:LIVING	F809E7D9-A75E-41C9-AC2C-5BEC6FFCB4A2	MX	N0	T2	Tumor Free	73.11700694	0:CENSORED	No	Black or African American	No	2	1	Male	LUAD	4
TCGA-49-AAR3	69	STAGE IIB	6TH	5	LUAD	1893	-25469	0	62.23493441	1:Recurred/Progressed	62.23493441	0:ALIVE OR DEAD TUMOR FREE	Not Hispanic Or Latino	6/18/14	EUR	No	C34.1	8140/3	C34.1	Yes	Yes	No	62.23493441	0:LIVING	5813997A-D7DC-4F7C-8D4B-E979832168A9	MX	N1	T2	With Tumor	62.23493441	1:PROGRESSION	No	Black or African American	No	12	1	Male	LUAD	14
TCGA-49-AAR4	51	STAGE IIIA	6TH	3	LUAD		-18939	0			28.89831344	1:DEAD WITH TUMOR	Not Hispanic Or Latino	6/18/14	AFR_ADMIX	No	C34.1	8140/3	C34.1	Yes	Yes	No	28.89831344	1:DECEASED	765AD5A5-134B-4680-A6D4-1DD113DC47CC	MX	N2	T2	With Tumor	28.89831344	1:PROGRESSION	No	Black or African American	Yes	6	1	Male	LUAD	16
TCGA-49-AAR9	61	STAGE IIB	5TH	29	LUAD		-22510	0			8.54785153	1:DEAD WITH TUMOR	Not Hispanic Or Latino	6/18/14	AFR	No	C34.1	8140/3	C34.9	Yes	Yes	No	8.54785153	1:DECEASED	47B749E6-E060-4AA1-8F29-976E489BA789	MX	N0	T3	With Tumor	8.54785153	1:PROGRESSION	No	Black or African American	No	26	1	Male	LUAD	46
TCGA-49-AARE	51	STAGE IA	5TH	21	LUAD		-18893	0	12.75602459	1:Recurred/Progressed	40.40503666	1:DEAD WITH TUMOR	Not Hispanic Or Latino	6/19/14	AFR	No	C34.1	8140/3	C34.1	Yes	Yes	Yes	40.40503666	1:DECEASED	CD9E70E4-8622-4A07-8646-63F8275C1737	MX	N0	T1	With Tumor	12.75602459	1:PROGRESSION	No	Black or African American	No	14	1	Female	LUAD	28
TCGA-49-AARN	56	STAGE IA	5TH	-31	LUAD		-20605	0	37.31465957	0:DiseaseFree	37.31465957		Not Hispanic Or Latino	6/19/14	AFR_ADMIX	No	C34.3	8140/3	C34.3	Yes	Yes		37.31465957	1:DECEASED	98EF41FA-3015-445A-BBDC-984361C911F7	MX	N0	T1		37.31465957	0:CENSORED	Yes, History Of Synchronous And Or Bilateral Malignancy	Black or African American	No	-16	1	Female	LUAD	-4
TCGA-49-AARO	39	STAGE IA	6TH	11	LUAD	3759	-14527	0	37.61054673	1:Recurred/Progressed	123.5822073	0:ALIVE OR DEAD TUMOR FREE	Not Hispanic Or Latino	6/19/14	AFR_ADMIX	No	C34.1	8260/3	C34.1	Yes	Yes	Yes	123.5822073	0:LIVING	5202458B-C38A-47C0-A0BA-5F1A59A762A0	MX	N0	T1A	With Tumor	37.61054673	1:PROGRESSION	No	Black or African American	Yes	-2	1	Female	LUAD	28
TCGA-49-AARQ	41	STAGE I	4TH	11	LUAD	6732	-15065	0	221.3236019	0:DiseaseFree	221.3236019	0:ALIVE OR DEAD TUMOR FREE	Not Hispanic Or Latino	6/19/14	AFR_ADMIX	No	C34.1	8140/3	C34.1	Yes	Yes	No	221.3236019	0:LIVING	9A2A226E-9605-4214-9320-469305E664E6	MX	N0	T2	Tumor Free	221.3236019	0:CENSORED	No	Black or African American	No	10	1	Female	LUAD	16
TCGA-49-AARR	68	STAGE IA	5TH	-45	LUAD	4992	-24942	0	158.201006	1:Recurred/Progressed	164.1187494	0:ALIVE OR DEAD TUMOR FREE	Not Hispanic Or Latino	6/19/14	AFR_ADMIX	No	C34.1	8140/3	C34.1	Yes	Yes	Yes	164.1187494	0:LIVING	9B93A7C5-F9B4-4461-8078-0201A725C9CF	MX	N0	T1	Tumor Free	36.13111089	1:PROGRESSION	No	Black or African American	No	-18	1	Male	LUAD	-40
TCGA-4B-A93V	52	STAGE IA	7TH	21	LUAD	254	-19035	0			9.862905612	1:DEAD WITH TUMOR	Not Hispanic Or Latino	11/11/14	AFR	No	C34.3	8140/3	C34.3	Yes	Yes	Yes	9.862905612	1:DECEASED	F1F80DD2-891D-46DD-A3E0-F007628CB515	M0	N0	T1B	With Tumor	8.251964362	1:PROGRESSION	No	Black or African American	Yes	4	1	Female	LUAD	8
TCGA-50-5044	72	STAGE IIIB	5TH	35	LUAD		-26567	0			20.51484367	1:DEAD WITH TUMOR	Not Hispanic Or Latino	8/25/11	EUR	No	C34.3	8140/3	C34.3	Yes	Yes	Yes	20.51484367	1:DECEASED	fa0c7392-d485-41ac-bf7e-244a528209ae	M0	N1	T4	With Tumor	15.87927804	1:PROGRESSION	No	White	Yes	16	1	Female	LUAD	58
TCGA-50-5045	57	STAGE IA	6TH	25	LUAD		-20961	0			71.47318934	1:DEAD WITH TUMOR	Not Hispanic Or Latino	6/30/11	AFR_ADMIX	No	C34.3	8140/3	C34.3	Yes	Yes	Yes	71.47318934	1:DECEASED	9ee20c0d-a1c3-47f3-abda-131b3f190f52	M0	N1	T2	With Tumor	47.11181247	1:PROGRESSION	No	Black or African American	Yes	2	1	Female	LUAD	30
TCGA-50-5049	70	STAGE IA	6TH	11	LUAD	3094	-25577	0			101.7194332	0:ALIVE OR DEAD TUMOR FREE	Not Hispanic Or Latino	8/25/11	EUR	No	C34.1	8140/3	C34.1	Yes	Yes	Yes	101.7194332	0:LIVING	9944f46f-9fa8-4e2c-a806-776bec7f8803	M0	N0	T2	Tumor Free	51.55012	1:PROGRESSION	No	White	Yes	14	1	Male	LUAD	0
TCGA-50-5051	42	STAGE IIIA	6TH	9	LUAD	455	-15585	0			15.71489628	1:DEAD WITH TUMOR	Not Hispanic Or Latino	8/25/11	EUR	No	C34.1	8140/3	C34.1	Yes	Yes	Yes	15.71489628	1:DECEASED	e1c55bac-bb41-4964-add5-ecd6ba04b58d	M0	N2	T2	Tumor Free	6.049248775	1:PROGRESSION	No	White	Yes	2	1	Female	LUAD	22
TCGA-50-5055	79	STAGE IIA	6TH	-7	LUAD	785	-28988	0			60.16372423	1:DEAD WITH TUMOR	Not Hispanic Or Latino	7/2/11	EUR	No	C34.3	8255/3	C34.3	Yes	Yes	Yes	60.16372423	1:DECEASED	cc3d9750-7ce0-489f-86d4-8017b7ebed29	M0	N1	T1	With Tumor	25.34766742	1:PROGRESSION	No	White	No	-14	1	Female	LUAD	-20
TCGA-50-5066	72	STAGE IB	6TH	31	LUAD	1442	-26385	0	15.68201992	1:Recurred/Progressed	47.40769964	0:ALIVE OR DEAD TUMOR FREE	Not Hispanic Or Latino	7/2/11	AFR	No	C34.1	8255/3	C34.1	Yes	Yes	No	47.40769964	0:LIVING	3199cfe5-3be3-43cd-a36b-5cf2c7a9929f	M0	N0	T2		15.68201992	1:PROGRESSION	No	Black or African American	No	18	1	Male	LUAD	34
TCGA-50-5068	59	STAGE IIB	6TH	5	LUAD	1499	-21728	0			49.28165171	1:DEAD WITH TUMOR	Not Hispanic Or Latino	7/2/11	EUR	No	C34.3	8140/3	C34.3	Yes	Yes	Yes	49.28165171	1:DECEASED	591c068f-bbb1-4df2-9abb-d1a2e4a58372	MX	N1	T2	With Tumor	22.5531775	1:PROGRESSION	No	White	No	4	1	Female	LUAD	4
TCGA-50-5072	74	STAGE IIIA	6TH	33	LUAD	246	-27036	0			8.21908801	1:DEAD WITH TUMOR	Not Hispanic Or Latino	8/26/11	EUR	Yes	C34.1	8140/3	C34.1	Yes	Yes	Yes	8.21908801	1:DECEASED	1575148b-0f63-44ee-86fd-93ae1a02be0b	M0	N2	T2	With Tumor	7.002662985	1:PROGRESSION	No	White	Yes	30	1	Male	LUAD	40
TCGA-50-5930	47	STAGE IIIA	5TH	-9	LUAD		-17238	0			9.271131275	1:DEAD WITH TUMOR	Not Hispanic Or Latino	6/29/11	EUR	No	C34.3	8255/3	C34.3	Yes	Yes	Yes	9.271131275	1:DECEASED	368e23f0-e573-4547-bf5a-14080baf737b	M0	N2	T2	With Tumor	5.819114311	1:PROGRESSION	No	White	Yes	4	1	Male	LUAD	12
TCGA-50-5931	75	STAGE IB	5TH	37	LUAD	267	-27733	0			14.26833679	1:DEAD WITH TUMOR	Not Hispanic Or Latino	7/2/11	EUR	No	C34.1	8140/3	C34.1	Yes	Yes	Yes	14.26833679	1:DECEASED	12ccd581-a921-41bc-bcee-4e9be54532cc	M0	N0	T2	Tumor Free	13.97244962	1:PROGRESSION	No	White	No	24	1	Female	LUAD	30
TCGA-50-5932	75	STAGE IIB	5TH	-27	LUAD	1091	-27454	0			40.60229477	1:DEAD WITH TUMOR	Not Hispanic Or Latino	7/2/11	EUR	No	C34.1	8140/3	C34.1	Yes	Yes	Yes	40.60229477	1:DECEASED	ebcba7f2-ce13-4bae-97cd-91a6b1dcd465	M0	N1	T2	With Tumor	35.83522372	1:PROGRESSION	Yes	White	No	-14	1	Male	LUAD	-20
TCGA-50-5933	72	STAGE IIIB	5TH	27	LUAD	2370	-26377	0	78.67311043	0:DiseaseFree	78.67311043	0:ALIVE OR DEAD TUMOR FREE	Not Hispanic Or Latino	7/2/11	EUR	No	C34.3	8140/3	C34.3	Yes	Yes	No	78.67311043	1:DECEASED	7a0ea814-f0de-4bc4-a81a-daa000559369	M0	N2	T4	Tumor Free	78.67311043	0:CENSORED	No	White	Yes	16	1	Male	LUAD	24
TCGA-50-5935	86	STAGE IA	6TH	-27	LUAD	653	-31610	0	21.46825788	0:DiseaseFree	21.46825788	0:ALIVE OR DEAD TUMOR FREE	Not Hispanic Or Latino	7/2/11	EUR	No	C34.1	8140/3	C34.1	Yes	Yes	No	21.46825788	1:DECEASED	100430c8-1446-45c8-af36-b6dbb3ddd0c1	M0	N0	T1		21.46825788	0:CENSORED	Yes	White	Yes	-14	1	Female	LUAD	-30
TCGA-50-5936	58	STAGE IIIA	6TH	19	LUAD		-21238	0			8.449222474	1:DEAD WITH TUMOR	Not Hispanic Or Latino	7/2/11	EUR	No	C34.30	8480/3	C34.3	Yes	Yes	Yes	8.449222474	1:DECEASED	ef42ae4c-a108-468e-beed-437cf3cf2962	M0	N2	T2		4.931452806	1:PROGRESSION	No	White	No	18	1	Male	LUAD	24
TCGA-50-5939	85	STAGE IB	6TH	19	LUAD		-31236	0	15.12312194	0:DiseaseFree	15.12312194	0:ALIVE OR DEAD TUMOR FREE	Not Hispanic Or Latino	7/2/11	EUR	No	C34.1	8255/3	C34.1	Yes	Yes	No	15.12312194	1:DECEASED	12b79b4f-c28c-418e-a1e7-e622f33fdcc2	M0	N0	T2	Tumor Free	15.12312194	0:CENSORED	No	White	No	18	1	Male	LUAD	34
TCGA-50-5941	55	STAGE IIIA	7TH	11	LUAD	1474	-20350	0	48.45974291	0:DiseaseFree	48.45974291	0:ALIVE OR DEAD TUMOR FREE		7/2/11	EUR	No	C34.1	8140/3	C34.1	Yes	Yes	No	48.45974291	0:LIVING	f3f024c2-52f1-400e-946c-398f5b72e6dc	M0	N2	T2A		48.45974291	0:CENSORED	No	White	No	12	1	Female	LUAD	18
TCGA-50-5942	67	STAGE IA	7TH	-43	LUAD	1847	-24781	0			60.72262222	0:ALIVE OR DEAD TUMOR FREE	Not Hispanic Or Latino	8/26/11	EUR	No	C34.1	8140/3	C34.1	Yes	Yes	Yes	60.72262222	0:LIVING	75dd635e-8e0c-4c0b-b21c-20f77770218d	M0	N0	T1		45.30361311	1:PROGRESSION	No	White	Yes	-26	1	Female	LUAD	-50
TCGA-50-5944	69	STAGE IA	7TH	-35	LUAD	1750	-25440	0	57.53361607	0:DiseaseFree	57.53361607	0:ALIVE OR DEAD TUMOR FREE		7/2/11	EUR	No	C34.1	8550/3	C34.1	Yes	Yes	No	57.53361607	0:LIVING	1c339545-c08a-4a77-b8e9-a7e49e53853f	M0	N0	T1	Tumor Free	57.53361607	0:CENSORED	No	White	No	-18	1	Female	LUAD	-24
TCGA-50-5946	62	STAGE IA		7	LUAD	1617	-22852	0			53.16106125	0:ALIVE OR DEAD TUMOR FREE		7/2/11	EUR	No	C34.1	8255/3	C34.1	Yes	Yes	Yes	53.16106125	0:LIVING	c95957a7-1a1a-4c8d-bb61-7c99b500f224	MX	N0	T1	With Tumor	7.265673801	1:PROGRESSION	No	White	No	12	1	Male	LUAD	20
TCGA-50-6590	72	STAGE IB	6TH	29	LUAD		-26444	0	42.34474143	0:DiseaseFree	42.34474143	0:ALIVE OR DEAD TUMOR FREE	Not Hispanic Or Latino	8/25/11	EUR	No	C34.1	8140/3	C34.1	Yes	Yes	No	42.34474143	1:DECEASED	114a34c0-983b-4d90-9181-1823c9637a63	M0	N0	T2	Tumor Free	42.34474143	0:CENSORED	No	White	No	20	1	Female	LUAD	60
TCGA-50-6591	63	STAGE IV	6TH	21	LUAD		-23067	0			3.912285893	1:DEAD WITH TUMOR	Not Hispanic Or Latino	8/25/11	EUR	No	C34.3	8140/3	C34.3	Yes	Yes	No	3.912285893	1:DECEASED	9b132e4f-7e35-4cc5-8711-43ad62b906d0	M1	N0	T2	With Tumor	3.912285893	1:PROGRESSION	No	White	No	14	1	Female	LUAD	32
TCGA-50-6592	71	STAGE IB	6TH	29	LUAD		-26191	0			25.54492554	1:DEAD WITH TUMOR	Not Hispanic Or Latino	8/25/11	EUR	No	C34.3	8140/3	C34.3	Yes	Yes	No	25.54492554	1:DECEASED	09918b81-4696-4cba-a45a-5fe7407c2337	M0	N0	T2	With Tumor	25.54492554	1:PROGRESSION	No	White	Yes	24	1	Female	LUAD	30
TCGA-50-6593	49	STAGE IIIA	6TH	9	LUAD		-18152	0			11.04645429	1:DEAD WITH TUMOR	Not Hispanic Or Latino	8/25/11	EUR	No	C34.1	8255/3	C34.1	Yes	Yes	Yes	11.04645429	1:DECEASED	e10568fe-0436-43f2-9f0f-48f9903868c4	M0	N2	T1	With Tumor	8.745109643	1:PROGRESSION	No	White	Yes	12	1	Female	LUAD	4
TCGA-50-6594	79	STAGE IIIA	6TH	31	LUAD		-28924	0			12.16425026	1:DEAD WITH TUMOR	Not Hispanic Or Latino	8/25/11	AFR	No	C34.1	8140/3	C34.1	Yes	Yes	Yes	12.16425026	1:DECEASED	8504fd86-a70a-4cba-9ec8-25c9e60ca549	M0	N2	T3	With Tumor	9.369760331	1:PROGRESSION	No	Black or African American	No	16	1	Female	LUAD	24
TCGA-50-6595	74	STAGE IIIA	6TH	37	LUAD		-27197	0			6.213630536	1:DEAD WITH TUMOR	Not Hispanic Or Latino	8/25/11	EUR	No	C34.1	8140/3	C34.1	Yes	Yes	Yes	6.213630536	1:DECEASED	82476d2d-e403-4f6b-8dd6-cc84e3329478	M0	N2	T2	With Tumor	5.983496071	1:PROGRESSION	No	White	Yes	22	1	Female	LUAD	70
TCGA-50-6597	79	STAGE IB	6TH	-19	LUAD	1015	-29195	0			41.68721439	0:ALIVE OR DEAD TUMOR FREE	Not Hispanic Or Latino	8/26/11	EUR	No	C34.3	8140/3	C34.3	Yes	Yes	No	41.68721439	1:DECEASED	0d66bf6c-eed0-4726-bd5b-3bf6d610b4e0	M0	N0	T2	Tumor Free	41.68721439	0:CENSORED	No	White	No	-18	1	Female	LUAD	-28
TCGA-50-6673	84	STAGE I	6TH	-5	LUAD		-30689	0			0.723279745			1/9/12	EUR	No	C34.1	8140/3	C34.1	Yes	Yes	No	0.723279745	1:DECEASED	ab8d7f84-dd71-42c7-9471-4db967a9c89c	M0	N0	T1		0.723279745	0:CENSORED	No	White	Yes	-4	1	Female	LUAD	-4
TCGA-50-7109	60	STAGE IA	7TH	-9	LUAD	255	-21979	0			10.12591643	1:DEAD WITH TUMOR	Not Hispanic Or Latino	1/9/12	EUR	No	C34.3	8140/3	C34.3	Yes	Yes	Yes	10.12591643	1:DECEASED	7eb540b4-8dd3-4382-a488-e48b1c7213b3	M0	N0	T1		0.493145281	1:PROGRESSION	No	White	No	2	1	Male	LUAD	-12
TCGA-50-8457	63	STAGE IA	7TH	-41	LUAD	1125	-23055	0	36.98589605	0:DiseaseFree	36.98589605	0:ALIVE OR DEAD TUMOR FREE	Not Hispanic Or Latino	10/16/12	EUR	No	C34.1	8255/3	C34.1	Yes	Yes	No	36.98589605	0:LIVING	d45aee46-838e-44af-8422-46710b3240a8	M0	N0	T1A	Tumor Free	36.98589605	0:CENSORED	No	Black or African American	No	-18	1	Female	LUAD	-48
TCGA-50-8459	68	STAGE IIB	7TH	-13	LUAD	1119	-24859	0			36.78863793	0:ALIVE OR DEAD TUMOR FREE	Not Hispanic Or Latino	10/16/12	EUR	No	C34.30	8480/3	C34.3	Yes	Yes	No	36.78863793	0:LIVING	9cfc1519-33e7-4145-a4ad-78b5c449853a	M0	N0	T3	With Tumor	14.20258408	1:PROGRESSION	No	White	No	-12	1	Male	LUAD	-8
TCGA-50-8460	74	STAGE IA	7TH	-23	LUAD	829	-27270	0	27.25449584	0:DiseaseFree	27.25449584	0:ALIVE OR DEAD TUMOR FREE	Not Hispanic Or Latino	10/18/12	EUR	No	C34.1	8260/3	C34.1	Yes	Yes	No	27.25449584	0:LIVING	497cc506-03fe-4ffa-860b-5a12adb1bc7d	M0	N0	T1A		27.25449584	0:CENSORED	No	White	Yes	-12	1	Male	LUAD	-18
TCGA-53-7624	40	STAGE IV	6TH	23	LUAD		-14794	0			34.29003518	1:DEAD WITH TUMOR	Hispanic Or Latino	12/13/11	AMR	No	C34.1	8140/3	C34.1	Yes	Yes	Yes	34.29003518	1:DECEASED	54a9cc9e-3eee-4caa-9f33-4ea64a2999ba	M1	N0	T2	With Tumor	13.15054082	1:PROGRESSION	No	White	No	24	1	Female	LUAD	42
TCGA-53-7626	76	STAGE IIA	6TH	-35	LUAD		-28024	0			30.54213105	1:DEAD WITH TUMOR	Not Hispanic Or Latino	12/13/11	EUR	No	C34.1	8140/3	C34.1	Yes	Yes	Yes	30.54213105	1:DECEASED	d3ff328c-2488-47bd-8663-366b6812c7b5	M0	N1	T1	With Tumor	28.43804452	1:PROGRESSION	No	White	No	-6	1	Female	LUAD	-36
TCGA-53-7813	51	STAGE IIIB	6TH	11	LUAD	424	-18875	0			13.93957327	0:ALIVE OR DEAD TUMOR FREE	Not Hispanic Or Latino	3/14/12	EUR	No	C34.1	8252/3	C34.1	Yes	Yes		13.93957327	0:LIVING	42d208bd-cd77-4bfb-ad53-9fc072a87393	M0	N0	T4	Tumor Free	13.93957327	0:CENSORED	No	White	No	16	1	Female	LUAD	6
TCGA-53-A4EZ	63	STAGE IIA	7TH	15	LUAD	1071	-23201	0			35.21057304	0:ALIVE OR DEAD TUMOR FREE	Hispanic Or Latino	3/7/13		No	C34.1	8550/3	C34.1	Yes	Yes	No	35.21057304	0:LIVING	7CA711EC-9AC0-4FA7-8A60-32AE84B8789A	MX	N1	T2A	Tumor Free	35.21057304	0:CENSORED	No	White	Yes	16	1	Male	LUAD	18
TCGA-55-1592	65	STAGE IA		-5	LUAD	701		0	14.86011112	1:Recurred/Progressed	23.04632278	1:DEAD WITH TUMOR	Not Hispanic Or Latino	3/15/11	EUR	No	C34.1	8140/3	C34.1	Yes	Yes	Yes	23.04632278	1:DECEASED	a41c46da-7ed4-4192-bd16-b3cbb94a5133	M0	N0	T2	With Tumor	14.86011112	1:PROGRESSION	Yes	White	No	6	1	Male	LUAD	2
TCGA-55-1594	68	STAGE IIIA		9	LUAD	1178	-25008	0			38.7283427	0:ALIVE OR DEAD TUMOR FREE	Not Hispanic Or Latino	9/14/10	EUR	No	C34.3	8140/3	C34.3	Yes	Yes		38.7283427	0:LIVING	6d72de06-232a-4983-a06c-eba6d82cb3f1	M0	N2	T2	Tumor Free	38.7283427	0:CENSORED	No	White		18	1	Male	LUAD	12
TCGA-55-1595	74	STAGE IA	6TH	-13	LUAD	1479		0	48.62412467	0:DiseaseFree	48.62412467	0:ALIVE OR DEAD TUMOR FREE	Not Hispanic Or Latino	3/14/11	EUR	No	C34.3	8310/3	C34.3	Yes	Yes	No	48.62412467	0:LIVING	d31aeefc-b59b-42e9-9919-750b17a70a3d	M0	N0	T1	Tumor Free	48.62412467	0:CENSORED	Yes	Asian	No	10	1	Female	LUAD	2
TCGA-55-1596	55	STAGE IIB	6TH	17	LUAD	2065	-20381	0	67.88966696	0:DiseaseFree	67.88966696	0:ALIVE OR DEAD TUMOR FREE	Not Hispanic Or Latino	9/13/10	EAS	No	C34.1	8140/3	C34.1	Yes	Yes	No	67.88966696	0:LIVING	199386c2-bb53-4fad-a1b6-59ab216a4a50	M0	N1	T2	Tumor Free	67.88966696	0:CENSORED	No	Asian	No	24	1	Male	LUAD	24
TCGA-55-5899	58	STAGE IA	7TH	29	LUAD	930		0	30.5750074	0:DiseaseFree	30.5750074	0:ALIVE OR DEAD TUMOR FREE	Not Hispanic Or Latino	9/20/10	EUR	No	C34.1	8140/3	C34.1	Yes	Yes	No	30.5750074	0:LIVING	996a0070-e9bf-4601-8ef7-60212108258d	M0	N1	T1A		30.5750074	0:CENSORED	No	White	No	20	1	Male	LUAD	24
TCGA-55-6543	60	STAGE IA	7TH	-3	LUAD	435		0	14.30121314	0:DiseaseFree	14.30121314	0:ALIVE OR DEAD TUMOR FREE		12/3/10	EUR	No	C34.1	8253/3	C34.1	Yes	Yes	No	14.30121314	0:LIVING	e68219b0-a9c2-49df-8f0d-db5ea97fd2dc	MX	N0	T1B	Tumor Free	14.30121314	0:CENSORED	No	White	No	-12	1	Female	LUAD	16
TCGA-55-6642	63	STAGE IB	6TH	-9	LUAD	2449	-23107	0	80.51418615	0:DiseaseFree	80.51418615	0:ALIVE OR DEAD TUMOR FREE		7/19/11	EUR	No	C34.3	8140/3	C34.3	Yes	Yes	No	80.51418615	0:LIVING	474b86d9-d897-467d-85d4-51dfa26ea107	MX	N0	T2	Tumor Free	80.51418615	0:CENSORED	No	White	No	2	1	Male	LUAD	-10
TCGA-55-6712	71	STAGE IIA	7TH	5	LUAD	24		0			5.621856199	1:DEAD WITH TUMOR		7/19/11	EUR	No	C34.1	8140/3	C34.1	Yes	Yes	No	5.621856199	1:DECEASED	f17d3463-af6c-42c2-a8e9-fae45f69286f	MX	N1	T2A	With Tumor	5.621856199	1:PROGRESSION	No	White	No	8	1	Male	LUAD	10
TCGA-55-6968	61	STAGE IV	6TH	15	LUAD		-22344	0			42.50912319	1:DEAD WITH TUMOR	Not Hispanic Or Latino	7/28/11	EUR	No	C34.3	8140/3	C34.3	Yes	Yes	No	42.50912319	1:DECEASED	83a6ed20-b3cf-48b9-8ed3-a080cd4951fa	M1	N0	T1	With Tumor	42.50912319	1:PROGRESSION	No	White	Yes	18	1	Male	LUAD	4
TCGA-55-6969	52	STAGE IB	6TH	41	LUAD	1239	-19270	0			40.73380018	0:ALIVE OR DEAD TUMOR FREE		7/25/11	EUR	No	C34.1	8140/3	C34.1	Yes	Yes		40.73380018	0:LIVING	d6e274a0-6425-437b-bc07-1225be7808d5	M0	N0	T2	Tumor Free	40.73380018	0:CENSORED	No	White		30	1	Male	LUAD	30
TCGA-55-6970	67	STAGE IIIA	6TH	-5	LUAD		-24773	0			15.25462735	1:DEAD WITH TUMOR		7/26/11	EUR	No	C34.1	8260/3	C34.1	Yes	Yes	Yes	15.25462735	1:DECEASED	7cce924f-12a1-4895-9866-5d4b1869dde6	MX	N2	T2	With Tumor	15.02449288	1:PROGRESSION	No	White	Yes	8	1	Female	LUAD	-4
TCGA-55-6971	59	STAGE IB	7TH	-19	LUAD	1400	-21734	0	46.02689286	0:DiseaseFree	46.02689286	0:ALIVE OR DEAD TUMOR FREE		7/28/11	EUR	No	C34.3	8140/3	C34.3	Yes	Yes	No	46.02689286	0:LIVING	8d0736fe-261c-445c-bfd2-a3ea3ceaf367	MX	N0	T2	Tumor Free	46.02689286	0:CENSORED	No	White	No	-2	1	Female	LUAD	-4
TCGA-55-6972	72	STAGE IB	6TH	-9	LUAD	1475	-26625	0	53.65420653	0:DiseaseFree	53.65420653	0:ALIVE OR DEAD TUMOR FREE	Not Hispanic Or Latino	7/27/11	EUR	No	C34.1	8260/3	C34.1	Yes	Yes	No	53.65420653	1:DECEASED	c4d1e105-28b7-48df-abef-fbe09782fdb2	M0	N0	T2	Tumor Free	53.65420653	0:CENSORED	No	White	No	-10	1	Male	LUAD	-8
TCGA-55-6975	61	STAGE IIB	6TH	19	LUAD			0			3.879409541	1:DEAD WITH TUMOR	Not Hispanic Or Latino	7/27/11	EUR	No	C34.3	8255/3	C34.3	Yes	Yes	No	3.879409541	1:DECEASED	a046888c-f153-4f35-a1b6-23dd1691a91a	M0	N1	T2	With Tumor	3.879409541	1:PROGRESSION	No	White	No	20	1	Male	LUAD	36
TCGA-55-6978	81	STAGE IIA	7TH	19	LUAD			0			5.786237959	1:DEAD WITH TUMOR	Not Hispanic Or Latino	7/27/11	EUR	No	C34.2	8140/3	C34.2	Yes	Yes	Yes	5.786237959	1:DECEASED	5134c56f-8286-4ec8-8348-237cee7dad5e	MX	N0	T2B	With Tumor	1.380806786	1:PROGRESSION	Yes	White	No	24	1	Male	LUAD	30
TCGA-55-6979	59	STAGE IIB	6TH	11	LUAD		-21780	0			7.791695434	1:DEAD WITH TUMOR		7/26/11	EUR	No	C34.1	8140/3	C34.1	Yes	Yes	Yes	7.791695434	1:DECEASED	5af499be-d2b9-4eaf-9a9f-435dccb51917	M0	N1	T2	With Tumor	6.410888648	1:PROGRESSION	Yes	White	No	2	1	Female	LUAD	0
TCGA-55-6980	56	STAGE IA	6TH	-1	LUAD	2109		0	69.33622645	0:DiseaseFree	69.33622645	0:ALIVE OR DEAD TUMOR FREE		7/27/11	EUR	No	C34.3	8252/3	C34.3	Yes	Yes	No	69.33622645	0:LIVING	2f0710f4-827b-45b2-9b7e-c27385b481a7	M0	N0	T1	Tumor Free	69.33622645	0:CENSORED	No	White	No	-8	1	Male	LUAD	2
TCGA-55-6981	53	STAGE IIIA	6TH	11	LUAD		-19497	0	45.33648946	0:DiseaseFree	45.33648946	0:ALIVE OR DEAD TUMOR FREE	Not Hispanic Or Latino	7/27/11	EUR	No	C34.1	8140/3	C34.1	Yes	Yes	No	45.33648946	1:DECEASED	0a45f302-5748-48f3-9dc9-66c01843a68e	M0	N2	T1	Tumor Free	45.33648946	0:CENSORED	No	White	Yes	-4	1	Female	LUAD	12
TCGA-55-6982	79	STAGE IIB	6TH	29	LUAD			0			32.71197028	1:DEAD WITH TUMOR		7/26/11	EUR	No	C34.3	8140/3	C34.3	Yes	Yes	Yes	32.71197028	1:DECEASED	35cb7841-9b09-465a-90c5-e3b8a9faad49	M0	N1	T2	With Tumor	6.016372423	1:PROGRESSION	No	White	No	16	1	Female	LUAD	18
TCGA-55-6983	81	STAGE IIB	6TH	-27	LUAD	2823		0	92.80994181	0:DiseaseFree	92.80994181	0:ALIVE OR DEAD TUMOR FREE	Not Hispanic Or Latino	7/27/11	EUR	No	C34.30	8480/3	C34.3	Yes	Yes	No	92.80994181	0:LIVING	54a0e4d7-c274-4569-9c25-45bbe26d7f21	M0	N1	T2	Tumor Free	92.80994181	0:CENSORED	No	White	No	-16	1	Male	LUAD	-14
TCGA-55-6984	71	STAGE IIB	6TH	11	LUAD			0	23.80247888	1:Recurred/Progressed	24.98602755	1:DEAD WITH TUMOR	Not Hispanic Or Latino	7/27/11	EUR	No	C34.3	8140/3	C34.3	Yes	Yes	Yes	24.98602755	1:DECEASED	f063ddbb-1668-40df-9ec2-b0a23ca2c389	M0	N1	T2	With Tumor	23.80247888	1:PROGRESSION	No	White	No	-2	1	Female	LUAD	18
TCGA-55-6985	58	STAGE IB	6TH	3	LUAD	1233	-21381	0	40.53654207	0:DiseaseFree	40.53654207	0:ALIVE OR DEAD TUMOR FREE		7/26/11	EUR	No	C34.1	8140/3	C34.1	Yes	Yes	No	40.53654207	0:LIVING	e5cb0c86-8fe2-4cfc-b32b-e8ec3839ffc4	MX	N0	T2	Tumor Free	40.53654207	0:CENSORED	No	White	No	6	1	Female	LUAD	20
TCGA-55-6986	74	STAGE IB	6TH	-5	LUAD	3261		0	107.209784	0:DiseaseFree	107.209784	0:ALIVE OR DEAD TUMOR FREE		7/26/11	EUR	No	C34.3	8252/3	C34.3	Yes	Yes	No	107.209784	0:LIVING	028e99e9-5b9a-4954-bb6e-6d4709a3cea8	M0	N0	T2	Tumor Free	107.209784	0:CENSORED	No	White	No	-12	1	Female	LUAD	8
TCGA-55-6987	77	STAGE IA	6TH	19	LUAD	2137	-28382	0	70.25676431	0:DiseaseFree	70.25676431	0:ALIVE OR DEAD TUMOR FREE	Not Hispanic Or Latino	7/27/11	EUR	No	C34.3	8140/3	C34.3	Yes	Yes	No	70.25676431	0:LIVING	2efc156c-464a-4c2f-a854-39fefe32081c	M0	N0	T1	Tumor Free	70.25676431	0:CENSORED	No	White	No	16	1	Male	LUAD	32
TCGA-55-7227	77	STAGE IIIA	7TH	-9	LUAD	53	-28458	0	8.38346977	1:Recurred/Progressed	31.29828714	1:DEAD WITH TUMOR	Not Hispanic Or Latino	10/6/11	EUR	No	C34.3	8140/3	C34.3	Yes	No	Yes	31.29828714	1:DECEASED	4e7b2af4-b158-41a7-be22-bea227a759e6	MX	N1	T3	Tumor Free	8.38346977	1:PROGRESSION	No	White	No	-12	1	Male		-6
TCGA-55-7281	70	STAGE IA	7TH	-15	LUAD	872	-25870	0	11.14508334	1:Recurred/Progressed	28.66817898	0:ALIVE OR DEAD TUMOR FREE		10/6/11	EUR	No	C34.2	8140/3	C34.2	Yes	Yes	Yes	28.66817898	0:LIVING	659668e8-f0d9-4ff2-bbc8-9246f2ef49ab	M0	N0	T1B	Tumor Free	11.14508334	1:PROGRESSION	No	White	No	-14	1	Female	LUAD	-4
TCGA-55-7283	76	STAGE IIIA	7TH	-29	LUAD	609	-27946	0			20.02169839	0:ALIVE OR DEAD TUMOR FREE	Not Hispanic Or Latino	10/6/11	EUR	No	C34.1	8252/3	C34.1	Yes	Yes	No	20.02169839	0:LIVING	ccfdad76-cc45-447f-bed8-ede8f6a8844d	MX	N2	T3	With Tumor	20.02169839	0:CENSORED	No	White	No	-20	1	Female	LUAD	-30
TCGA-55-7284	74	STAGE IIB	7TH	-29	LUAD	121	-27087	0	7.594437321	1:Recurred/Progressed	7.988953546	1:DEAD WITH TUMOR	Not Hispanic Or Latino	6/13/12	EUR	No	C34.8	8252/3	C34.8	Yes	Yes	Yes	7.988953546	1:DECEASED	0b15fcb8-1fb7-497e-80b9-d3db66a3c0a2	MX	N0	T3	Tumor Free	7.594437321	1:PROGRESSION	Yes, History Of Synchronous And Or Bilateral Malignancy	White	No	-14	1	Male	LUAD	-18
TCGA-55-7570	60	STAGE IA	7TH	23	LUAD	824	-22218	0	27.09011408	0:DiseaseFree	27.09011408	0:ALIVE OR DEAD TUMOR FREE	Not Hispanic Or Latino	1/11/12	AFR	No	C34.1	8140/3	C34.1	Yes	Yes	No	27.09011408	0:LIVING	ff07ea4b-4e50-410d-99d6-96a351dad7b1	MX	N0	T1A	Tumor Free	27.09011408	0:CENSORED	No	Black or African American	No	22	1	Male	LUAD	28
TCGA-55-7573	72	STAGE IA	7TH	-37	LUAD	487	-26302	0	16.01078344	0:DiseaseFree	16.01078344	0:ALIVE OR DEAD TUMOR FREE	Not Hispanic Or Latino	1/11/12	EUR	No	C34.1	8140/3	C34.1	Yes	Yes	No	16.01078344	0:LIVING	8e41153b-9faf-45c3-8397-8a428ef5c0d5	MX	N0	T1B	Tumor Free	16.01078344	0:CENSORED	Yes	White	No	-22	1	Female	LUAD	-36
TCGA-55-7574	64	STAGE IB	7TH	-21	LUAD	95	-23703	0	15.71489628	1:Recurred/Progressed	32.71197028	1:DEAD WITH TUMOR	Not Hispanic Or Latino	1/11/12	EUR	No	C34.1	8140/3	C34.1	Yes	Yes	Yes	32.71197028	1:DECEASED	a7911bdc-13f1-434a-bfa3-f8ba55d15846	M0	N0	T2A	With Tumor	15.71489628	1:PROGRESSION	No	White	Yes	-16	1	Female	LUAD	-24
TCGA-55-7576	54	STAGE IB	7TH	-7	LUAD	670	-19917	0	22.02715587	0:DiseaseFree	22.02715587	0:ALIVE OR DEAD TUMOR FREE	Not Hispanic Or Latino	1/11/12	AFR	No	C34.1	8140/3	C34.1	Yes	Yes	No	22.02715587	0:LIVING	055e9a43-3c00-4110-a303-e4407676bec0	M0	N0	T2A	Tumor Free	22.02715587	0:CENSORED	No	Black or African American	No	10	1	Male	LUAD	18
TCGA-55-7724	76	STAGE IB	7TH	9	LUAD	705	-27891	0	23.17782819	0:DiseaseFree	23.17782819	0:ALIVE OR DEAD TUMOR FREE	Not Hispanic Or Latino	3/8/12	EUR	No	C34.1	8140/3	C34.1	Yes	Yes	No	23.17782819	0:LIVING	294cb595-0907-44c7-bbef-985a27c1e6e2	MX	N0	T2A	Tumor Free	23.17782819	0:CENSORED	Yes	White	No	8	1	Female	LUAD	28
TCGA-55-7725	68	STAGE IA	7TH	-19	LUAD	442	-24848	0	14.5313476	0:DiseaseFree	14.5313476	0:ALIVE OR DEAD TUMOR FREE	Not Hispanic Or Latino	3/8/12	AFR	No	C34.3	8140/3	C34.3	Yes	Yes	No	14.5313476	0:LIVING	9fcdccae-676e-4071-93c3-23d2d3ab0c00	MX	N0	T1A	Tumor Free	14.5313476	0:CENSORED	Yes	White	No	-20	1	Female	LUAD	-24
TCGA-55-7726	72	STAGE IA	7TH	23	LUAD	652	-26451	0	21.43538153	0:DiseaseFree	21.43538153	0:ALIVE OR DEAD TUMOR FREE	Not Hispanic Or Latino	3/8/12	EUR	No	C34.3	8140/3	C34.3	Yes	Yes	No	21.43538153	0:LIVING	923b37e4-fcf7-46a0-8cb2-9139711fec7b	MX	N0	T1B	Tumor Free	21.43538153	0:CENSORED	Yes	White	No	18	1	Female	LUAD	40
TCGA-55-7727	70	STAGE IIIA	7TH	-1	LUAD	119	-25929	0	3.912285893	0:DiseaseFree	3.912285893	0:ALIVE OR DEAD TUMOR FREE	Not Hispanic Or Latino	3/8/12	EUR	No	C34.1	8140/3	C34.1	Yes	Yes	No	3.912285893	0:LIVING	ba49117e-dab6-4e7d-bc44-f11dcafa1318	MX	N2	T1A	Tumor Free	3.912285893	0:CENSORED	No	White	No	6	1	Male	LUAD	-10
TCGA-55-7728	64	STAGE IB	7TH	-17	LUAD	704	-23505	0	23.14495184	0:DiseaseFree	23.14495184	0:ALIVE OR DEAD TUMOR FREE	Not Hispanic Or Latino	3/8/12	EUR	No	C34.1	8480/3	C34.1	Yes	Yes	No	23.14495184	0:LIVING	db769d5c-a794-448d-9130-38a82d051c95	MX	N0	T2A	Tumor Free	23.14495184	0:CENSORED	No	White	No	-16	1	Female	LUAD	-18
TCGA-55-7815	76	STAGE IB	7TH	-3	LUAD	773	-28119	0	15.32038005	1:Recurred/Progressed	25.41342013	0:ALIVE OR DEAD TUMOR FREE		3/9/12	EUR	No	C34.3	8140/3	C34.3	Yes	Yes	Yes	25.41342013	0:LIVING	dd46c83e-6551-485b-b935-f3beed891244	MX	N0	T2A	Tumor Free	15.32038005	1:PROGRESSION	No		No	-8	1	Male	LUAD	-12
TCGA-55-7816	49	STAGE IV	7TH	-37	LUAD	44	-18170	0			15.38613276	1:DEAD WITH TUMOR	Not Hispanic Or Latino	3/9/12	EUR	No	C34.1	8140/3	C34.1	Yes	No	No	15.38613276	1:DECEASED	548b0b68-ff45-4d45-adbe-984259e4a68b	MX	NX	TX	With Tumor	15.38613276	1:PROGRESSION	No	White	No	-24	1	Female		-28
TCGA-55-7903	64	STAGE IA	7TH	19	LUAD	567	-23509	0	18.64089161	0:DiseaseFree	18.64089161	0:ALIVE OR DEAD TUMOR FREE	Not Hispanic Or Latino	3/10/12	EUR	No	C34.3	8140/3	C34.3	Yes	Yes	No	18.64089161	0:LIVING	77c4dbb2-eceb-4e0d-bcde-63dc817d5f35	MX	N0	T1B	Tumor Free	18.64089161	0:CENSORED	No	White	No	14	1	Male	LUAD	28
TCGA-55-7907	77	STAGE IIA	7TH	-23	LUAD	16	-28201	0	9.6656475	1:Recurred/Progressed	11.27658875	1:DEAD WITH TUMOR	Not Hispanic Or Latino	3/10/12	EUR	No	C34.1	8140/3	C34.1	Yes	Yes	Yes	11.27658875	1:DECEASED	bf755bc2-b7aa-4c3c-8b3c-58b089b5cab6	MX	N1	T2A	Tumor Free	9.6656475	1:PROGRESSION	No	White	No	6	1	Male	LUAD	0
TCGA-55-7910	50	STAGE IIA	7TH	3	LUAD	1040	-18289	0	33.46812638	1:Recurred/Progressed	34.19140612	0:ALIVE OR DEAD TUMOR FREE	Not Hispanic Or Latino	3/10/12	AFR	No	C34.3	8140/3	C34.3	Yes	Yes	Yes	34.19140612	0:LIVING	b2bc53d6-ef78-4ae9-a6b5-1c7cad9a43eb	M0	N0	T2B	With Tumor	33.46812638	1:PROGRESSION	No	Black or African American	No	12	1	Female	LUAD	-4
TCGA-55-7911	70	STAGE IA	7TH	3	LUAD	537	-25746	0	17.65460105	0:DiseaseFree	17.65460105	0:ALIVE OR DEAD TUMOR FREE	Not Hispanic Or Latino	3/10/12	EUR	No	C34.2	8140/3	C34.2	Yes	Yes	Yes	17.65460105	0:LIVING	1f0a5312-0590-4230-9da9-fd0cfe693586	MX	N0	T1A	Tumor Free	16.9313213	1:PROGRESSION	No	White	No	4	1	Female	LUAD	0
TCGA-55-7913	61	STAGE IA	7TH	21	LUAD	62	-22326	0	15.78064898	1:Recurred/Progressed	18.44363349	1:DEAD WITH TUMOR	Not Hispanic Or Latino	6/17/12	AFR_ADMIX	No	C34.3	8140/3	C34.3	Yes	Yes	Yes	18.44363349	1:DECEASED	c9c533ee-e154-4a56-bce9-b5af37574b2f	MX	N0	T1B	Tumor Free	15.78064898	1:PROGRESSION	No	Black or African American	No	18	1	Female	LUAD	24
TCGA-55-7914	71	STAGE IIA	7TH	-21	LUAD	3	-26105	0			6.147877832	1:DEAD WITH TUMOR	Not Hispanic Or Latino	3/10/12	EUR	No	C34.1	8140/3	C34.1	Yes	Yes	No	6.147877832	1:DECEASED	69dba721-a168-47a4-b7ff-80a448bad654	MX	N1	T1B	With Tumor	6.147877832	1:PROGRESSION	Yes	White	No	-10	1	Female	LUAD	-22
TCGA-55-7994	81	STAGE IIB	7TH	17	LUAD	603	-29858	0	19.82444028	0:DiseaseFree	19.82444028	0:ALIVE OR DEAD TUMOR FREE	Not Hispanic Or Latino	5/7/12	EUR	No	C34.1	8140/3	C34.1	Yes	Yes	No	19.82444028	0:LIVING	67dbe286-edb3-4d07-8f74-9e5254f01945	MX	N0	T3	Tumor Free	19.82444028	0:CENSORED	No	White	No	16	1	Male	LUAD	22
TCGA-55-7995	73	STAGE IA	7TH	7	LUAD	889	-26837	0	15.38613276	1:Recurred/Progressed	29.22707696	0:ALIVE OR DEAD TUMOR FREE	Not Hispanic Or Latino	5/7/12	EUR	No	C34.1	8140/3	C34.1	Yes	Yes	Yes	29.22707696	0:LIVING	abd6647b-d2eb-404d-8283-443e92addf55	M0	N0	T1B	Tumor Free	15.38613276	1:PROGRESSION	No	White	No	18	1	Female	LUAD	12
TCGA-55-8085	64	STAGE IA	7TH	23	LUAD	904	-23596	0	29.72022224	0:DiseaseFree	29.72022224	0:ALIVE OR DEAD TUMOR FREE	Not Hispanic Or Latino	6/15/12	EUR	No	C34.3	8260/3	C34.3	Yes	Yes	No	29.72022224	0:LIVING	5fd0f07b-8bb9-4378-bd26-28a26057e8fe	M0	N0	T1B	Tumor Free	29.72022224	0:CENSORED	No	White	No	14	1	Male	LUAD	34
TCGA-55-8087	59	STAGE IB	7TH	-35	LUAD	462	-21655	0	15.18887464	0:DiseaseFree	15.18887464	0:ALIVE OR DEAD TUMOR FREE	Not Hispanic Or Latino	6/15/12	EUR	No	C34.1	8140/3	C34.1	Yes	Yes	No	15.18887464	0:LIVING	e254aaeb-012c-4d92-8a03-cce1f6a2bcd6	MX	N0	T2A	Tumor Free	15.18887464	0:CENSORED	No	White	No	-20	1	Female	LUAD	-50
TCGA-55-8089	56	STAGE IA	7TH	11	LUAD	100	-20576	0	23.07919913	0:DiseaseFree	23.07919913	0:ALIVE OR DEAD TUMOR FREE	Not Hispanic Or Latino	6/17/12	EUR	No	C34.1	8140/3	C34.1	Yes	Yes	No	23.07919913	1:DECEASED	1070ff27-17c9-43dd-a4f6-daa643eb9123	M0	N0	T1A	Tumor Free	23.07919913	0:CENSORED	No	White	No	14	1	Male	LUAD	10
TCGA-55-8090	80	STAGE IA	7TH	13	LUAD	6	-29235	0	18.01624092	1:Recurred/Progressed	19.66005852	1:DEAD WITH TUMOR	Not Hispanic Or Latino	7/8/12	EUR	No	C34.3	8140/3	C34.3	Yes	Yes	Yes	19.66005852	1:DECEASED	4d51ee44-e6f4-4bcb-be28-e9df54b39a8d	M0	N0	T1A	With Tumor	18.01624092	1:PROGRESSION	Yes, History Of Synchronous And Or Bilateral Malignancy	White	No	4	1	Male	LUAD	20
TCGA-55-8091	74	STAGE IB	7TH	-1	LUAD	600	-27385	0	19.72581122	0:DiseaseFree	19.72581122	0:ALIVE OR DEAD TUMOR FREE	Not Hispanic Or Latino	6/15/12	EUR	No	C34.3	8140/3	C34.3	Yes	Yes	No	19.72581122	0:LIVING	d12b6930-9ae4-4fe7-ad69-d183135c91ab	MX	N0	T2	Tumor Free	19.72581122	0:CENSORED	Yes	White	No	-6	1	Male	LUAD	2
TCGA-55-8092	75	STAGE IIB	7TH	-9	LUAD	26	-27597	0	4.175296709	1:Recurred/Progressed	5.062958214	1:DEAD WITH TUMOR	Not Hispanic Or Latino	7/8/12	EUR	No	C34.1	8140/3	C34.1	Yes	Yes	Yes	5.062958214	1:DECEASED	4b92fce2-3772-40eb-ab34-a27937b58590	MX	N0	T3	Tumor Free	4.175296709	1:PROGRESSION	No	White	No	-10	1	Male	LUAD	-20
TCGA-55-8094	51	STAGE IV	7TH	19	LUAD	541	-18903	0			17.78610645	0:ALIVE OR DEAD TUMOR FREE	Not Hispanic Or Latino	7/8/12	EUR	No	C34.1	8140/3	C34.1	Yes	Yes	No	17.78610645	0:LIVING	69584d55-18f7-4786-b3cc-cd528500be44	M1B	N0	T2B	With Tumor	17.78610645	0:CENSORED	No	White	Yes	16	1	Male	LUAD	18
TCGA-55-8096	67	STAGE IB	7TH	5	LUAD	47	-24684	0	18.60801526	1:Recurred/Progressed	23.63809712	1:DEAD WITH TUMOR	Not Hispanic Or Latino	6/17/12	EUR	No	C34.1	8140/3	C34.1	Yes	Yes	Yes	23.63809712	1:DECEASED	36470b30-a3b3-4d28-851b-918a7ff88011	MX	N0	T2A	With Tumor	18.60801526	1:PROGRESSION	No	White	No	-2	1	Female	LUAD	18
TCGA-55-8097	60	STAGE IA	7TH	-33	LUAD	476	-22260	0	15.64914357	0:DiseaseFree	15.64914357	0:ALIVE OR DEAD TUMOR FREE	Not Hispanic Or Latino	6/15/12	EUR	No	C34.1	8140/3	C34.1	Yes	Yes	No	15.64914357	0:LIVING	afe83af5-af22-49c0-88b4-f1d0dfcbe238	MX	N0	T1A	Tumor Free	15.64914357	0:CENSORED	No	White	No	-22	1	Female	LUAD	-32
TCGA-55-8203	69	STAGE IA	7TH	-7	LUAD	547	-25477	0	17.98336457	0:DiseaseFree	17.98336457	0:ALIVE OR DEAD TUMOR FREE	Not Hispanic Or Latino	6/16/12	EUR	No	C34.3	8140/3	C34.3	Yes	Yes	No	17.98336457	0:LIVING	9a9bd705-1ef1-4a6c-bb1e-bdd346dc01c0	M0	N0	T1B	Tumor Free	17.98336457	0:CENSORED	Yes	White	No	0	1	Female	LUAD	0
TCGA-55-8204	87	STAGE IB	7TH	33	LUAD	515	-31818	0	16.9313213	0:DiseaseFree	16.9313213	0:ALIVE OR DEAD TUMOR FREE	Not Hispanic Or Latino	7/8/12	EUR	No	C34.1	8140/3	C34.1	Yes	Yes	No	16.9313213	0:LIVING	75589307-f141-4d0d-b35d-adbbc77b3dec	MX	N0	T2A	Tumor Free	16.9313213	0:CENSORED	Yes	White	No	20	1	Female	LUAD	52
TCGA-55-8205	76	STAGE IIA	7TH	15	LUAD	599	-28063	0			19.69293487	0:ALIVE OR DEAD TUMOR FREE	Not Hispanic Or Latino	6/17/12	EUR	No	C34.3	8140/3	C34.3	Yes	Yes	Yes	19.69293487	0:LIVING	95fa64b0-91e1-4427-b81a-53c47a053563	M0	N0	T2B	Tumor Free	16.27379426	1:PROGRESSION	Yes	White	No	14	1	Female	LUAD	14
TCGA-55-8206	56	STAGE IA	7TH	-39	LUAD	888	-20690	0	29.19420061	0:DiseaseFree	29.19420061	0:ALIVE OR DEAD TUMOR FREE	Not Hispanic Or Latino	6/15/12	EUR	No	C34.1	8140/3	C34.1	Yes	Yes	No	29.19420061	0:LIVING	a214a959-3b21-4f25-a615-383cda7afdff	M0	N0	T1B	Tumor Free	29.19420061	0:CENSORED	No	White	No	-22	1	Male	LUAD	-44
TCGA-55-8207	73	STAGE IB	7TH	-31	LUAD	977	-26897	0	32.12019594	0:DiseaseFree	32.12019594	0:ALIVE OR DEAD TUMOR FREE	Not Hispanic Or Latino	7/8/12	EUR	No	C34.3	8550/3	C34.3	Yes	Yes	No	32.12019594	0:LIVING	b256e065-c681-4f82-8b68-a8ef7c413791	MX	N0	T2A	Tumor Free	32.12019594	0:CENSORED	Yes, History Of Synchronous And Or Bilateral Malignancy	White	No	-18	1	Male	LUAD	-14
TCGA-55-8208	73	STAGE IA	7TH	-7	LUAD	674	-26716	0	16.79981589	1:Recurred/Progressed	22.15866128	0:ALIVE OR DEAD TUMOR FREE	Not Hispanic Or Latino	6/13/12	EUR	No	C34.1	8140/3	C34.1	Yes	Yes	Yes	22.15866128	0:LIVING	77f8c850-b4e6-46a1-ab12-a50e0044a0c8	M0	N0	T1B	Tumor Free	16.79981589	1:PROGRESSION	No	White	No	8	1	Female	LUAD	4
TCGA-55-8299	61	STAGE IA	7TH	3	LUAD	216	-22626	0	9.008120459	1:Recurred/Progressed	15.41900911	1:DEAD WITH TUMOR	Not Hispanic Or Latino	10/8/12	EUR	No	C34.1	8140/3	C34.1	Yes	Yes	Yes	15.41900911	1:DECEASED	2cd8ea73-cb3f-4b17-9b97-fa12eb03b85b	MX	N0	T1B	Tumor Free	9.008120459	1:PROGRESSION	No	White	No	16	1	Female	LUAD	2
TCGA-55-8301	58	STAGE IB	7TH	25	LUAD	534	-21535	0	7.824571786	1:Recurred/Progressed	17.55597199	0:ALIVE OR DEAD TUMOR FREE	Not Hispanic Or Latino	10/3/12	EUR	No	C34.3	8140/3	C34.3	Yes	Yes	Yes	17.55597199	0:LIVING	b36b7567-30d3-4d0c-84c4-b203986e0fdb	MX	N0	T2A	Tumor Free	7.824571786	1:PROGRESSION	No	White	No	18	1	Male	LUAD	10
TCGA-55-8302	54	STAGE IB	7TH	27	LUAD	478	-20011	0	15.71489628	0:DiseaseFree	15.71489628	0:ALIVE OR DEAD TUMOR FREE		12/3/12	EUR	No	C34.3	8140/3	C34.3	Yes	Yes	No	15.71489628	0:LIVING	807cc7d2-6e3b-4f2d-9531-0da994eeeada	MX	N0	T2	Tumor Free	15.71489628	0:CENSORED	No	White	No	18	1	Male	LUAD	40
TCGA-55-8505	62	STAGE IIIA	7TH	31	LUAD	440	-22676	0	14.4655949	0:DiseaseFree	14.4655949	0:ALIVE OR DEAD TUMOR FREE	Not Hispanic Or Latino	12/28/12	EUR	No	C34.3	8140/3	C34.3	Yes	Yes	No	14.4655949	0:LIVING	f59e5a76-f803-470b-910c-a897a149d939	MX	N2	T1A	Tumor Free	14.4655949	0:CENSORED	No	White	No	20	1	Male	LUAD	48
TCGA-55-8506	62	STAGE IIB	7TH	3	LUAD	11	-22850	0			0.361639872	0:ALIVE OR DEAD TUMOR FREE	Not Hispanic Or Latino	12/28/12	EUR	No	C34.1	8140/3	C34.1	Yes	Yes	No	0.361639872	0:LIVING	3ed05070-6633-4de5-9f72-090f93aa2e4d	MX	N0	T3		0.361639872	0:CENSORED	No	White		12	1	Female	LUAD	20
TCGA-55-8507	53	STAGE IA	7TH	-1	LUAD	418	-19390	0	13.74231515	0:DiseaseFree	13.74231515	0:ALIVE OR DEAD TUMOR FREE	Not Hispanic Or Latino	12/28/12	EUR	No	C34.1	8140/3	C34.1	Yes	Yes	No	13.74231515	0:LIVING	d63c028b-b6d3-49ce-b63e-261eed3b86df	MX	N0	T1A	Tumor Free	13.74231515	0:CENSORED	No	White	No	8	1	Male	LUAD	22
TCGA-55-8508	60	STAGE IIA	7TH	3	LUAD	617	-22159	0	20.28470921	0:DiseaseFree	20.28470921	0:ALIVE OR DEAD TUMOR FREE	Not Hispanic Or Latino	12/28/12	AFR	No	C34.1	8480/3	C34.1	Yes	Yes	No	20.28470921	0:LIVING	bab335f9-b241-41a7-b107-79b9676b37b8	MX	N1	T2A		20.28470921	0:CENSORED	No	Black or African American	No	-8	1	Female	LUAD	12
TCGA-55-8510	55	STAGE IB	7TH	-19	LUAD	539	-20410	0	17.72035375	0:DiseaseFree	17.72035375	0:ALIVE OR DEAD TUMOR FREE	Not Hispanic Or Latino	1/11/13	EUR	No	C34.3	8140/3	C34.3	Yes	Yes	No	17.72035375	0:LIVING	962fd4e7-9199-43d9-abce-e3dfa46da62c	MX	N0	T2A	Tumor Free	17.72035375	0:CENSORED	No	White	No	-2	1	Female	LUAD	-10
TCGA-55-8511	73	STAGE IB	7TH	3	LUAD	552	-26986	0	15.12312194	1:Recurred/Progressed	18.14774633	0:ALIVE OR DEAD TUMOR FREE	Not Hispanic Or Latino	1/11/13	EUR	No	C34.1	8140/3	C34.1	Yes	Yes	Yes	18.14774633	0:LIVING	1f1df7ea-00b9-4432-86de-da773d1451e5	MX	N0	T2A	Tumor Free	15.12312194	1:PROGRESSION	Yes	White	No	8	1	Female	LUAD	6
TCGA-55-8512	41	STAGE IV	7TH	-41	LUAD	3	-15266	0			19.95594569	1:DEAD WITH TUMOR	Not Hispanic Or Latino	1/11/13	EUR	No	C34.3	8252/3	C34.3	Yes	Yes	No	19.95594569	1:DECEASED	202e5df9-69f2-432c-a59d-cc5aa176e973	M1B	N1	T1A	With Tumor	19.95594569	1:PROGRESSION	No	White	No	-18	1	Male	LUAD	-18
TCGA-55-8513	77	STAGE IIB	7TH	-35	LUAD	791	-28284	0	10.4218036	1:Recurred/Progressed	26.00519446	0:ALIVE OR DEAD TUMOR FREE	Not Hispanic Or Latino	1/11/13	EUR	No	C34.30	8480/3	C34.3	Yes	Yes	Yes	26.00519446	0:LIVING	a3fd20b2-e001-44ab-9716-754e5ae70808	MX	N0	T3	Tumor Free	10.4218036	1:PROGRESSION	No	White	No	-18	1	Female	LUAD	-42
TCGA-55-8514	70	STAGE IB	7TH	-7	LUAD	520	-25608	0	17.09570306	0:DiseaseFree	17.09570306	0:ALIVE OR DEAD TUMOR FREE	Not Hispanic Or Latino	1/11/13	AFR	No	C34.1	8140/3	C34.1	Yes	Yes	No	17.09570306	0:LIVING	6845099a-b2c9-48d8-b856-9903d39bb92e	MX	N0	T2A	Tumor Free	17.09570306	0:CENSORED	No	Black or African American	No	-14	1	Female	LUAD	-2
TCGA-55-8614	76	STAGE IB	7TH	3	LUAD	536	-27924	0	17.62172469	0:DiseaseFree	17.62172469	0:ALIVE OR DEAD TUMOR FREE	Not Hispanic Or Latino	1/11/13	EUR	No	C34.1	8140/3	C34.1	Yes	Yes	No	17.62172469	0:LIVING	a8de1beb-6296-44eb-bd63-c603f70faaf3	MX	N0	T2A	Tumor Free	17.62172469	0:CENSORED	No	White	No	16	1	Male	LUAD	34
TCGA-55-8615	67	STAGE IIIA	7TH	-21	LUAD	446	-24786	0	7.364302857	1:Recurred/Progressed	14.66285301	0:ALIVE OR DEAD TUMOR FREE	Not Hispanic Or Latino	1/11/13	EUR	No	C34.2	8140/3	C34.2	Yes	Yes	Yes	14.66285301	0:LIVING	06fe7f3e-4edd-4150-981c-93787ea19b39	MX	N2	T3	Tumor Free	7.364302857	1:PROGRESSION	No	White	No	0	1	Male	LUAD	-12
TCGA-55-8616	58	STAGE IB	7TH	-5	LUAD	48	-21225	0			1.578064898	0:ALIVE OR DEAD TUMOR FREE	Not Hispanic Or Latino	12/28/12	EUR	No	C34.1	8140/3	C34.1	Yes	Yes	No	1.578064898	0:LIVING	fe714ac0-f874-426a-924b-a2980232b5f7	M0	N0	T2A	Tumor Free	1.578064898	0:CENSORED	No	White		-8	1	Female	LUAD	-4
TCGA-55-8619	72	STAGE IIB	7TH	-33	LUAD	416	-26616	0	13.67656245	0:DiseaseFree	13.67656245	0:ALIVE OR DEAD TUMOR FREE	Not Hispanic Or Latino	1/11/13	EUR	No	C34.30	8480/3	C34.3	Yes	Yes	No	13.67656245	0:LIVING	772324a5-5513-454d-ad6b-605798f69b73	MX	N0	T3	Tumor Free	13.67656245	0:CENSORED	Yes	White	No	-18	1	Female	LUAD	-32
TCGA-55-8620	60	STAGE IV	7TH	29	LUAD	66	-22091	0			12.32863202	1:DEAD WITH TUMOR	Not Hispanic Or Latino	1/11/13	EUR	No	C34.1	8140/3	C34.1	Yes	Yes	No	12.32863202	1:DECEASED	5510ad32-62fd-4adc-964a-ae4e997c2f4b	M1B	N1	T1A	With Tumor	12.32863202	1:PROGRESSION	No	White	Yes	24	1	Male	LUAD	18
TCGA-55-8621	75	STAGE IA	7TH	-19	LUAD	515	-27485	0	16.9313213	0:DiseaseFree	16.9313213	0:ALIVE OR DEAD TUMOR FREE	Not Hispanic Or Latino	1/11/13	EUR	No	C34.3	8140/3	C34.3	Yes	Yes	No	16.9313213	0:LIVING	8d535aa6-6d59-4965-b5ed-17217d8f5930	MX	N0	T1A	Tumor Free	16.9313213	0:CENSORED	Yes	White	No	-10	1	Female	LUAD	-16
TCGA-55-A48X	63	STAGE IIA	7TH	-37	LUAD	689	-23341	0	22.65180656	0:DiseaseFree	22.65180656	0:ALIVE OR DEAD TUMOR FREE	Not Hispanic Or Latino	2/21/13	EUR	No	C34.3	8140/3	C34.3	Yes	Yes	Yes	22.65180656	0:LIVING	32D9935A-F5CD-43B3-88BD-09E6E2B9090D	M0	N1	T1B	Tumor Free	20.21895651	1:PROGRESSION	Yes	White	No	-10	1	Female	LUAD	-16
TCGA-55-A48Y	69	STAGE IIA	7TH	3	LUAD	630	-25384	0	20.71210179	0:DiseaseFree	20.71210179	0:ALIVE OR DEAD TUMOR FREE	Not Hispanic Or Latino	2/21/13	EUR	No	C34.3	8140/3	C34.3	Yes	Yes	No	20.71210179	0:LIVING	12C07138-E3FA-418A-89E3-628DA12BC99E	M0	N0	T2B	Tumor Free	20.71210179	0:CENSORED	No	White	No	4	1	Male	LUAD	4
TCGA-55-A48Z	60	STAGE IIIB	7TH	11	LUAD	651	-22056	0			21.40250518	0:ALIVE OR DEAD TUMOR FREE	Not Hispanic Or Latino	2/21/13	EUR	No	C34.1	8255/3	C34.1	Yes	Yes	Yes	21.40250518	0:LIVING	16D3C1C1-CF3A-44B6-B564-8AE5464B243D	MX	N3	T1A	With Tumor	17.62172469	1:PROGRESSION	No	White	Yes	4	1	Female	LUAD	20
TCGA-55-A490	78	STAGE IIA	7TH	5	LUAD	48	-28728	0			3.254758852	0:ALIVE OR DEAD TUMOR FREE	Not Hispanic Or Latino	2/21/13	EUR	No	C34.1	8140/3	C34.1	Yes	Yes	No	3.254758852	1:DECEASED	B89DE053-D253-447F-952E-9A2EDCF6BCA5	MX	N0	T2B	Tumor Free	3.254758852	0:CENSORED	No	White	No	4	1	Male	LUAD	24
TCGA-55-A491	81	STAGE IA	7TH	9	LUAD	626	-29593	0	20.58059638	0:DiseaseFree	20.58059638	0:ALIVE OR DEAD TUMOR FREE	Not Hispanic Or Latino	2/21/13	EUR	No	C34.3	8140/3	C34.3	Yes	Yes	No	20.58059638	0:LIVING	A250A369-E536-4A18-B7AF-2911133D7BDC	MX	N0	T1B	Tumor Free	20.58059638	0:CENSORED	Yes	White	No	2	1	Female	LUAD	8
TCGA-55-A492	70	STAGE IA	7TH	-15	LUAD	596	-25719	0	19.59430582	0:DiseaseFree	19.59430582	0:ALIVE OR DEAD TUMOR FREE	Not Hispanic Or Latino	2/21/13	EUR	No	C34.1	8140/3	C34.1	Yes	Yes	No	19.59430582	0:LIVING	39AB7174-5707-498D-9959-523680E04198	MX	N0	T1A	Tumor Free	19.59430582	0:CENSORED	Yes	White	No	-16	1	Female	LUAD	-12
TCGA-55-A493	54	STAGE IB	7TH	39	LUAD	28	-20027	0			0.920537857	0:ALIVE OR DEAD TUMOR FREE	Not Hispanic Or Latino	2/21/13	EUR	No	C34.1	8140/3	C34.1	Yes	Yes	No	0.920537857	0:LIVING	E43A2B72-35C6-4466-9007-CE96CAF77EA8	M0	N0	T2A	Tumor Free	0.920537857	0:CENSORED	No	White		24	1	Female	LUAD	42
TCGA-55-A494	61	STAGE IB	7TH	-1	LUAD	481	-22540	0	15.81352533	0:DiseaseFree	15.81352533	0:ALIVE OR DEAD TUMOR FREE	Not Hispanic Or Latino	2/21/13	EUR	No	C34.3	8140/3	C34.3	Yes	Yes	No	15.81352533	0:LIVING	ADBABA9C-5EFC-4130-82F6-8055EAB13795	MX	N0	T2A	Tumor Free	15.81352533	0:CENSORED	No	White	No	4	1	Female	LUAD	-4
TCGA-55-A4DF	88	STAGE IA	7TH	29	LUAD	47	-32432	0	16.9313213	1:Recurred/Progressed	20.18608015	1:DEAD WITH TUMOR	Not Hispanic Or Latino	1/25/13	EUR	No	C34.3	8140/3	C34.3	Yes	Yes	Yes	20.18608015	1:DECEASED	362000E4-CF7C-48FC-93CC-8F5994B442EA	MX	N0	T1B	Tumor Free	16.9313213	1:PROGRESSION	Yes, History Of Synchronous And Or Bilateral Malignancy	White	No	20	1	Male	LUAD	42
TCGA-55-A4DG	71	STAGE IA	7TH	-35	LUAD	608	-26044	0	19.98882204	0:DiseaseFree	19.98882204	0:ALIVE OR DEAD TUMOR FREE	Not Hispanic Or Latino	1/25/13	EUR	No	C34.1	8140/3	C34.1	Yes	Yes	No	19.98882204	0:LIVING	3E34C7D9-90FA-41E2-BA6B-4BBC332ADC4E	MX	N0	T1B	Tumor Free	19.98882204	0:CENSORED	No	White	No	-20	1	Male	LUAD	-38
TCGA-55-A57B	80	STAGE IA	7TH	-25	LUAD	546	-29452	0	17.95048821	0:DiseaseFree	17.95048821	0:ALIVE OR DEAD TUMOR FREE	Not Hispanic Or Latino	5/31/13	AFR_ADMIX	No	C34.1	8255/3	C34.1	Yes	Yes	No	17.95048821	0:LIVING	3B21B982-DBA2-45F4-AD8D-21DC86FCAAA7	M0	N0	T1B	Tumor Free	17.95048821	0:CENSORED	No	Black or African American	No	-14	1	Female	LUAD	-18
TCGA-62-8394	65	STAGE IIIB	6TH	19	LUAD		-23758	0	4.569812934	0:DiseaseFree	4.569812934	0:ALIVE OR DEAD TUMOR FREE	Not Hispanic Or Latino	7/5/12	EUR	No	C34.3	8255/3	C34.3	Yes	Yes	No	4.569812934	1:DECEASED	742e0e32-25b5-4d41-8bf5-364b571cfd93	M0	N2	T4	Tumor Free	4.569812934	0:CENSORED	No	White	No	14	1	Female	LUAD	26
TCGA-62-8395	80	STAGE IIB	6TH	-25	LUAD	1216	-29311	0	12.98615906	1:Recurred/Progressed	39.97764408	0:ALIVE OR DEAD TUMOR FREE	Not Hispanic Or Latino	7/4/12	EUR	No	C34.1	8255/3	C34.1	Yes	Yes	Yes	39.97764408	0:LIVING	5c266025-e590-457c-af86-4c2dc9797267	M0	N0	T3	With Tumor	12.98615906	1:PROGRESSION	No	White	No	-14	1	Female	LUAD	-26
TCGA-62-8397	70	STAGE IIB	6TH	-11	LUAD	1289	-25728	0	42.37761778	0:DiseaseFree	42.37761778	0:ALIVE OR DEAD TUMOR FREE	Not Hispanic Or Latino	7/4/12	EUR	No	C34.3	8255/3	C34.3	Yes	Yes	No	42.37761778	0:LIVING	9240d5fc-de23-4436-8099-da9bd3054860	M0	N0	T3	Tumor Free	42.37761778	0:CENSORED	No	White	No	-14	1	Female	LUAD	-16
TCGA-62-8398	55	STAGE IIIA	6TH	19	LUAD		-20197	0	14.59710031	0:DiseaseFree	14.59710031	0:ALIVE OR DEAD TUMOR FREE	Not Hispanic Or Latino	7/4/12	EUR	No	C34.3	8255/3	C34.3	Yes	Yes	No	14.59710031	1:DECEASED	2fabeb98-05e3-4f55-97f5-fbc675e25a3d	M0	N2	T2	Tumor Free	14.59710031	0:CENSORED	No	White	No	24	1	Male	LUAD	20
TCGA-62-8399	62	STAGE IIIA	6TH	-9	LUAD	2696	-22952	0	88.6346451	0:DiseaseFree	88.6346451	0:ALIVE OR DEAD TUMOR FREE	Not Hispanic Or Latino	7/4/12	EUR	No	C34.1	8255/3	C34.1	Yes	Yes	No	88.6346451	0:LIVING	62380447-3b94-4e7c-823a-72dd7b4ccf3a	M0	N2	T2	Tumor Free	88.6346451	0:CENSORED	No	White	No	6	1	Male	LUAD	-6
TCGA-62-8402	73	STAGE IIIA	6TH	9	LUAD	1445	-26934	0	25.38054378	1:Recurred/Progressed	49.24877536	1:DEAD WITH TUMOR	Not Hispanic Or Latino	7/4/12	EUR	No	C34.1	8255/3	C34.1	Yes	Yes	Yes	49.24877536	1:DECEASED	433a32d0-93d1-4897-8e36-beb1ec1d998e	M0	N2	T2	With Tumor	25.38054378	1:PROGRESSION	No	White	No	16	1	Female	LUAD	24
TCGA-62-A46O	65	STAGE IB	6TH	11	LUAD		-24050	0	31.00239997	1:Recurred/Progressed	47.80221587	1:DEAD WITH TUMOR	Not Hispanic Or Latino	10/29/12	EUR	No	C34.3	8140/3	C34.3	Yes	Yes	Yes	47.80221587	1:DECEASED	D7AE8EFB-AA4D-4807-9772-55B0A28CCD5C	M0	N0	T2	With Tumor	31.00239997	1:PROGRESSION	No	White	No	18	1	Female	LUAD	-2
TCGA-62-A46P	65	STAGE IB	6TH	-9	LUAD		-23993	0	8.777985995	1:Recurred/Progressed	19.52855311	0:ALIVE OR DEAD TUMOR FREE	Not Hispanic Or Latino	10/29/12	EUR	No	C34.1	8255/3	C34.1	Yes	Yes	Yes	19.52855311	1:DECEASED	0C59FF96-5E4A-4664-A0B1-D057B4725483	M0	N0	T2	Tumor Free	8.777985995	1:PROGRESSION	No	White	No	-18	1	Male	LUAD	-16
TCGA-62-A46R	54	STAGE IB	6TH	-15	LUAD		-20063	0	56.71170727	0:DiseaseFree	56.71170727	0:ALIVE OR DEAD TUMOR FREE	Not Hispanic Or Latino	10/29/12	EUR	No	C34.3	8255/3	C34.3	Yes	Yes	No	56.71170727	1:DECEASED	C497F8C7-2FB5-44D9-BC7C-69CFD0B51B54	M0	N0	T2	Tumor Free	56.71170727	0:CENSORED	No	White	No	-2	1	Female	LUAD	-14
TCGA-62-A46S	73	STAGE IB	6TH	-31	LUAD		-26825	0	17.32583753	1:Recurred/Progressed	54.34460992	1:DEAD WITH TUMOR	Not Hispanic Or Latino	10/29/12	EUR	No	C34.1	8260/3	C34.1	Yes	Yes	Yes	54.34460992	1:DECEASED	E00A60D7-4253-443D-A187-680AD0931349	M0	N0	T2	With Tumor	17.32583753	1:PROGRESSION	No	White	No	-22	1	Male	LUAD	-34
TCGA-62-A46U	71	STAGE IIB	6TH	-1	LUAD	2067	-25998	0	67.95541967	0:DiseaseFree	67.95541967	0:ALIVE OR DEAD TUMOR FREE	Not Hispanic Or Latino	10/30/12	EUR	No	C34.3	8255/3	C34.3	Yes	Yes	No	67.95541967	0:LIVING	793649E5-F479-4D64-8723-2EF488FE0FD9	M0	N1	T2	Tumor Free	67.95541967	0:CENSORED	No	White	No	4	1	Female	LUAD	2
TCGA-62-A46V	78	STAGE IB	6TH	-5	LUAD	2199	-28495	0	72.29509814	0:DiseaseFree	72.29509814	0:ALIVE OR DEAD TUMOR FREE	Not Hispanic Or Latino	10/30/12	EUR	No	C34.3	8255/3	C34.3	Yes	Yes	No	72.29509814	0:LIVING	F809E21D-5F2E-4F3B-A1AA-D6B8D463552A	M0	N0	T2	Tumor Free	72.29509814	0:CENSORED	No	White	No	4	1	Female	LUAD	0
TCGA-62-A46Y	70	STAGE IIIA	6TH	1	LUAD		-25905	0	10.32317454	1:Recurred/Progressed	13.61080975	1:DEAD WITH TUMOR	Not Hispanic Or Latino	10/30/12	EUR	No	C34.3	8255/3	C34.3	Yes	Yes	Yes	13.61080975	1:DECEASED	562A562B-CA03-44AC-B282-B51B457D8DAE	M0	N2	T2	With Tumor	10.32317454	1:PROGRESSION	No	White	Yes	-4	1	Female	LUAD	-2
TCGA-62-A470	84	STAGE IB	6TH	-9	LUAD		-30689	0	17.72035375	1:Recurred/Progressed	39.25436434	1:DEAD WITH TUMOR	Not Hispanic Or Latino	10/30/12	EUR	No	C34.1	8550/3	C34.1	Yes	Yes	Yes	39.25436434	1:DECEASED	E60A8F8A-0FE6-40E5-9F30-BCFF48AC73F4	M0	N0	T2	With Tumor	17.72035375	1:PROGRESSION	No	White	No	10	1	Male	LUAD	-6
TCGA-62-A471	64	STAGE IIB	7TH	39	LUAD	1246	-23689	0	40.96393464	0:DiseaseFree	40.96393464	0:ALIVE OR DEAD TUMOR FREE	Not Hispanic Or Latino	10/30/12	EUR	No	C34.1	8140/3	C34.1	Yes	Yes	No	40.96393464	0:LIVING	0075437E-BA1A-46BE-86D6-9773209A2B5E	M0	N1	T2B	Tumor Free	40.96393464	0:CENSORED	No	White	No	24	1	Male	LUAD	56
TCGA-62-A472	70	STAGE IIB	7TH	11	LUAD	910	-25893	0	9.534142092	1:Recurred/Progressed	29.91748036	0:ALIVE OR DEAD TUMOR FREE	Not Hispanic Or Latino	10/30/12	EUR	No	C34.3	8140/3	C34.3	Yes	Yes	Yes	29.91748036	0:LIVING	E499069B-A16A-49E9-941A-E3E9EA62AF25	M0	N0	T3	With Tumor	9.534142092	1:PROGRESSION	No	White	No	10	1	Male	LUAD	4
TCGA-64-1676	58	STAGE IA		27	LUAD	1728	-21428	0	56.81033633	0:DiseaseFree	56.81033633	0:ALIVE OR DEAD TUMOR FREE	Not Hispanic Or Latino	11/15/10	EUR	No	C34.3	8140/3	C34.3	Yes	Yes	No	56.81033633	0:LIVING	fb6b289c-aaf9-4d8e-b6e0-5d35bce1b6e1	M0	N0	T1A	Tumor Free	56.81033633	0:CENSORED	No	White	No	0	1	Male	LUAD	34
TCGA-64-1677	77	STAGE IIIA		35	LUAD		-28482	0			20.64634908		Not Hispanic Or Latino	2/18/11	EUR	No	C34.1	8140/3	C34.1	Yes	Yes	Yes	20.64634908	1:DECEASED	8a16ddb3-4861-4128-bed9-0b1f94fe8cf7	M0	N2	T2		11.83548673	1:PROGRESSION	Yes	White	No	28	1	Female	LUAD	52
TCGA-64-1678	70	STAGE IIA	6TH	33	LUAD	1189	-25931	0	39.08998258	0:DiseaseFree	39.08998258	0:ALIVE OR DEAD TUMOR FREE	Not Hispanic Or Latino	11/15/10	EUR	No	C34.1	8140/3	C34.1	Yes	No	No	39.08998258	0:LIVING	f77cf4d3-9829-4fd3-95a1-b29aed9e94b8	M0	N0	T2B	Tumor Free	39.08998258	0:CENSORED	No	White	No	22	1	Female		26
TCGA-64-1679	58	STAGE IIIA	6TH	29	LUAD	2488	-21310	0	81.79636388	0:DiseaseFree	81.79636388	0:ALIVE OR DEAD TUMOR FREE	Not Hispanic Or Latino	12/21/11	EUR	No	C34.1	8140/3	C34.1	Yes	Yes	No	81.79636388	0:LIVING	81a0b2ff-a3d3-41bb-9ce6-765e6ae894af	M0	N2	T1	Tumor Free	81.79636388	0:CENSORED	No	White	No	10	1	Female	LUAD	48
TCGA-64-1680	63	STAGE IV	6TH	-5	LUAD	1126	-23267	0			37.0187724	0:ALIVE OR DEAD TUMOR FREE	Not Hispanic Or Latino	11/16/10	EUR	No	C34.8	8255/3	C34.8	Yes	Yes	No	37.0187724	0:LIVING	1ab7ad70-0f80-41d8-8efa-3baebc8223cc	M1	N2	T2A	Tumor Free	37.0187724	0:CENSORED	No	White	Yes	-10	1	Male	LUAD	-6
TCGA-64-1681	61	STAGE IA	6TH	-5	LUAD		-22525	0			38.36670283		Not Hispanic Or Latino	12/21/11	EUR	No	C34.1	8140/3	C34.9	Yes	Yes	Yes	38.36670283	1:DECEASED	c583fdd1-8cd2-4c15-a23e-0644261f65da	M0	N0	T1		14.43271855	1:PROGRESSION	No	White	No	-10	1	Female	LUAD	-8
TCGA-64-5774	60	STAGE IB	6TH	25	LUAD	2676	-22059	0	8.087582602	1:Recurred/Progressed	87.97711806	0:ALIVE OR DEAD TUMOR FREE	Not Hispanic Or Latino	5/2/11	EUR	No	C34.0	8140/3	C34.0	Yes	Yes	Yes	87.97711806	0:LIVING	fd3fc273-c035-40ea-a459-ff4806f5d592	M0	N0	T2	Tumor Free	8.087582602	1:PROGRESSION	No	White	No	8	1	Male	LUAD	24
TCGA-64-5775	71	STAGE IIIA		25	LUAD		-26058	0			2.038333827	1:DEAD WITH TUMOR	Not Hispanic Or Latino	5/2/11	EUR	Yes	C34.1	8140/3	C34.1	Yes	Yes	No	2.038333827	1:DECEASED	c8544fb3-b26e-4672-bb81-a271db724b04	M0	N0	T4	With Tumor	2.038333827	1:PROGRESSION	No	White	No	14	1	Male	LUAD	32
TCGA-64-5778	60	STAGE IB	6TH	9	LUAD	1305	-21927	0	31.62705066	1:Recurred/Progressed	42.90363941	0:ALIVE OR DEAD TUMOR FREE	Not Hispanic Or Latino	5/2/11	EUR	No	C34.1	8252/3	C34.1	Yes	Yes	Yes	42.90363941	0:LIVING	8fdbd88f-19ae-4ab8-bcd7-6bfa1bbde742	M0	N0	T2	Tumor Free	31.62705066	1:PROGRESSION	No	White	No	0	1	Male	LUAD	-8
TCGA-64-5779	61	STAGE IIIA	6TH	5	LUAD	864	-22305	0			28.40516816	0:ALIVE OR DEAD TUMOR FREE	Not Hispanic Or Latino	5/2/11	EUR	No	C34.3	8550/3	C34.3	Yes	Yes	Yes	28.40516816	0:LIVING	1c58d9b8-17a2-4fc6-9898-fe6f47bd2c2a	M0	N2	T2	Tumor Free	26.13669987	1:PROGRESSION	No	White	Yes	14	1	Male	LUAD	-6
TCGA-64-5781	55	STAGE IB	6TH	25	LUAD	1559	-20219	0			51.25423283	0:ALIVE OR DEAD TUMOR FREE	Not Hispanic Or Latino	5/3/11	EUR	No	C34.1	8255/3	C34.1	Yes	Yes	Yes	51.25423283	0:LIVING	41c4c704-825e-49f5-9d54-dbd7d30725e0	M0	N0	T2	Tumor Free	3.156129796	1:PROGRESSION	No	White	No	8	1	Female	LUAD	36
TCGA-64-5815	74	STAGE IIB	6TH	23	LUAD	866	-27280	0	28.47092087	0:DiseaseFree	28.47092087	0:ALIVE OR DEAD TUMOR FREE	Not Hispanic Or Latino	5/2/11	EUR	No	C34.1	8255/3	C34.1	Yes	Yes		28.47092087	0:LIVING	a65700c2-e58c-4fd4-aeb1-5686b8f4d212	M0	N1	T2	Tumor Free	28.47092087	0:CENSORED	No	White	No	-4	1	Male	LUAD	30
TCGA-67-3770	70	STAGE IA		1	LUAD	610	-25658	0			20.05457474	0:ALIVE OR DEAD TUMOR FREE	Not Hispanic Or Latino	2010-12-00	EUR	No	C34.1	8140/3	C34.1	Yes	No		20.05457474	0:LIVING	eeab558b-8d1e-4843-861d-dbfb06061758	M0	N0	T1	Tumor Free	20.05457474	0:CENSORED	No	White		-6	1	Female		4
TCGA-67-3771	77	STAGE IA	6TH	15	LUAD	610	-28406	0			20.05457474	0:ALIVE OR DEAD TUMOR FREE	Not Hispanic Or Latino	1/21/11	AFR_ADMIX	No	C34.1	8140/3	C34.1	Yes	Yes		20.05457474	0:LIVING	0df573ee-28f0-4244-b434-09e6ca59fbf0	M0	N0	T1	Tumor Free	20.05457474	0:CENSORED	No	Black or African American		8	1	Female	LUAD	26
TCGA-67-3772	82	STAGE IB	6TH	9	LUAD	573	-29989	0			18.83814972	0:ALIVE OR DEAD TUMOR FREE	Not Hispanic Or Latino	3/3/11	EUR	No	C34.1	8140/3	C34.1	Yes	Yes		18.83814972	0:LIVING	673493f6-975c-49e8-934c-001e9a0fff90	M0	N0	T2	Tumor Free	18.83814972	0:CENSORED	No	White		-2	1	Female	LUAD	20
TCGA-67-3773	84	STAGE IB	6TH	-9	LUAD	427	-30706	0			14.03820232	0:ALIVE OR DEAD TUMOR FREE	Not Hispanic Or Latino	1/21/11	EUR	No	C34.3	8140/3	C34.3	Yes	Yes		14.03820232	0:LIVING	009be09b-f9f6-43b7-8f45-4a648f8123ce	M0	N0	T2	Tumor Free	14.03820232	0:CENSORED	No	White		-10	1	Female	LUAD	-18
TCGA-67-3774	73	STAGE IB	6TH	-27	LUAD	385	-26704	0			12.65739554	0:ALIVE OR DEAD TUMOR FREE	Not Hispanic Or Latino	3/3/11	EUR	No	C34.3	8140/3	C34.3	Yes	Yes		12.65739554	0:LIVING	36ad7fc7-0cc1-4f01-aef1-f89b3cb4feac	M0	N0	T2	Tumor Free	12.65739554	0:CENSORED	No	White		-8	1	Female	LUAD	-26
TCGA-67-4679	69			-37	LUAD	448	-25202	0			14.72860571	0:ALIVE OR DEAD TUMOR FREE	Not Hispanic Or Latino	1/21/11	EUR	No	C34.3	8140/3	C34.3	Yes	Yes		14.72860571	0:LIVING	3e635902-5310-4406-8b4d-a238ce382639	M0	N0	T3	Tumor Free	14.72860571	0:CENSORED	No	White		-24	1	Male	LUAD	-42
TCGA-67-6215	52	STAGE IB	7TH	-17	LUAD	174	-19310	0	5.720485255	0:DiseaseFree	5.720485255	0:ALIVE OR DEAD TUMOR FREE	Not Hispanic Or Latino	6/2/11	EUR	No	C34.3	8140/3	C34.3	Yes	Yes	No	5.720485255	0:LIVING	dbd5b0de-94c9-45dd-afb3-6820a7ecaca2	M0	N0	T2A	Tumor Free	5.720485255	0:CENSORED	No	White	No	-4	1	Female	LUAD	-8
TCGA-67-6216	57	STAGE IA	7TH	-7	LUAD	141	-20967	0	4.635565638	0:DiseaseFree	4.635565638	0:ALIVE OR DEAD TUMOR FREE	Not Hispanic Or Latino	6/3/11	EUR	No	C34.2	8140/3	C34.2	Yes	Yes	No	4.635565638	0:LIVING	ccecce70-dd54-4c5b-bf9f-ca87d290cb00	M0	N0	T1A	Tumor Free	4.635565638	0:CENSORED	No	White	No	-2	1	Female	LUAD	-8
TCGA-67-6217	73	STAGE IIA	7TH	-23	LUAD	422	-26920	0			13.87382056	0:ALIVE OR DEAD TUMOR FREE	Not Hispanic Or Latino	6/6/11	EUR	No	C34.1	8140/3	C34.1	Yes	Yes	Yes	13.87382056	0:LIVING	108a71cf-b9db-47cd-aa74-c03ec989b41b	M0	N1	T2A	With Tumor	9.731400204	1:PROGRESSION	Yes	White	No	-16	1	Female	LUAD	-34
TCGA-69-7760	73	STAGE IIB	7TH	13	LUAD	202	-26777	0			6.641023112	0:ALIVE OR DEAD TUMOR FREE	Not Hispanic Or Latino	1/24/12	EUR	No	C34.3	8255/3	C34.3	Yes	Yes	No	6.641023112	0:LIVING	8981f0c9-7155-4c96-bf77-7d40fe404323	M0	N0	T3		6.641023112	0:CENSORED	No	White	No	22	1	Male	LUAD	12
TCGA-69-7761	84	STAGE IB	7TH	-13	LUAD	186	-31041	0			6.115001479	0:ALIVE OR DEAD TUMOR FREE	Not Hispanic Or Latino	3/13/12	EUR	No	C34.3	8550/3	C34.3	Yes	Yes	No	6.115001479	0:LIVING	77828a90-8e2a-4664-b674-d837e6e34fe4	MX	N0	T2A	Tumor Free	6.115001479	0:CENSORED	No	White	No	10	1	Male	LUAD	-18
TCGA-69-7763	69	STAGE IA	7TH	-33	LUAD	690	-25316	0			22.68468291	0:ALIVE OR DEAD TUMOR FREE	Not Hispanic Or Latino	1/25/12	EUR	No	C34.2	8550/3	C34.2	Yes	Yes	No	22.68468291	0:LIVING	1b31cdb3-1837-49d6-a857-1830f8800299	M0	N0	T1B		22.68468291	0:CENSORED	No	White	No	-18	1	Male	LUAD	-10
TCGA-69-7764	75	STAGE IA	7TH	-31	LUAD	414	-27693	0			13.61080975	0:ALIVE OR DEAD TUMOR FREE	Not Hispanic Or Latino	1/26/12	EUR	No	C34.1	8255/3	C34.1	Yes	Yes	No	13.61080975	0:LIVING	243c6fd6-5516-46e5-bcef-292d93d7b7d3	M0	N0	T1B		13.61080975	0:CENSORED	No	White	No	-14	1	Male	LUAD	-40
TCGA-69-7765	56	STAGE IV	7TH	1	LUAD	165	-20625	0			5.424598087	0:ALIVE OR DEAD TUMOR FREE	Not Hispanic Or Latino	1/27/12	AFR	No	C34.1	8255/3	C34.1	Yes	Yes	No	5.424598087	0:LIVING	bcf2e591-9dae-440f-bd03-5f27c57db741	MX	N0	T4		5.424598087	0:CENSORED	No	Black or African American	No	8	1	Male	LUAD	12
TCGA-69-7973	42	STAGE IB	7TH	-5	LUAD	230	-15355	0	7.561560969	0:DiseaseFree	7.561560969	0:ALIVE OR DEAD TUMOR FREE	Not Hispanic Or Latino	4/2/12	EUR	No	C34.2	8255/3	C34.2	Yes	Yes	No	7.561560969	0:LIVING	dc9eaaa0-0bfd-46d0-994f-310826879da4	M0	N0	T2A	Tumor Free	7.561560969	0:CENSORED	No	White	No	12	1	Female	LUAD	-8
TCGA-69-7974	54	STAGE IIIA	7TH	17	LUAD	184	-20021	0			6.049248775	0:ALIVE OR DEAD TUMOR FREE	Not Hispanic Or Latino	4/9/12	EUR	No	C34.1	8255/3	C34.1	Yes	Yes	No	6.049248775	0:LIVING	3e1df30f-744a-41e9-a169-7dbbff66622e	MX	N2	T2A	With Tumor	6.049248775	0:CENSORED	No	White	Yes	20	1	Female	LUAD	2
TCGA-69-7978	59	STAGE IIB	7TH	3	LUAD	134	-21785	0			4.405431173	0:ALIVE OR DEAD TUMOR FREE	Not Hispanic Or Latino	4/9/12	EUR	No	C34.1	8255/3	C34.1	Yes	Yes	No	4.405431173	0:LIVING	f462cfef-f60a-4d3e-b92d-b8d8f50b6bb3	MX	N1	T2B	With Tumor	4.405431173	0:CENSORED	No	White	No	2	1	Male	LUAD	18
TCGA-69-7979	71	STAGE IB	7TH	9	LUAD	408	-26180	0			13.41355163	0:ALIVE OR DEAD TUMOR FREE	Not Hispanic Or Latino	4/9/12	EUR	No	C34.1	8550/3	C34.1	Yes	Yes		13.41355163	0:LIVING	a5bd7d50-9c14-49e6-89cf-6bf440c42309	MX	N0	T2A		13.41355163	0:CENSORED	No	White	No	16	1	Female	LUAD	28
TCGA-69-7980	70	STAGE I	7TH	-17	LUAD	362	-25583	0	13.51218069	0:DiseaseFree	13.51218069	0:ALIVE OR DEAD TUMOR FREE	Not Hispanic Or Latino	4/9/12	EUR	No	C34.1	8550/3	C34.1	Yes	Yes	No	13.51218069	0:LIVING	aee86a89-0377-4080-b16c-408bfbe78687	M0	N0	T1B	Tumor Free	13.51218069	0:CENSORED	No	White	No	6	1	Female	LUAD	-4
TCGA-69-8253	59	STAGE IIA	7TH	-3	LUAD	426	-21771	0	14.00532597	0:DiseaseFree	14.00532597	0:ALIVE OR DEAD TUMOR FREE	Not Hispanic Or Latino	6/1/12	AFR_ADMIX	No	C34.3	8255/3	C34.3	Yes	Yes	No	14.00532597	0:LIVING	44d8c859-4b7a-4e9d-bffc-0de0e6afdcc4	MX	N1	T1A		14.00532597	0:CENSORED	No	Black or African American	No	-12	1	Female	LUAD	8
TCGA-69-8254	85		7TH	-31	LUAD	409	-31134	0	13.44642798	0:DiseaseFree	13.44642798	0:ALIVE OR DEAD TUMOR FREE	Not Hispanic Or Latino	6/4/12	EAS	No	C34.3	8255/3	C34.3	Yes	Yes	No	13.44642798	0:LIVING	f0c94f68-bfd9-45cb-b4fd-8bb1ae4e9a2b			T2B	Tumor Free	13.44642798	0:CENSORED	No	White	No	-16	1	Male	LUAD	-32
TCGA-69-8255	71	STAGE IA	7TH	25	LUAD	129	-26289	0			4.241049413	0:ALIVE OR DEAD TUMOR FREE	Hispanic Or Latino	6/4/12		No	C34.1	8230/3	C34.1	Yes	Yes	No	4.241049413	0:LIVING	552712d3-da16-441e-ba93-11810793d598	M0	N0	T1A		4.241049413	0:CENSORED	No	White	No	18	1	Male	LUAD	16
TCGA-69-8453	77	STAGE IIB	7TH	-29	LUAD	788	-28413	0			26.72847421	0:ALIVE OR DEAD TUMOR FREE	Not Hispanic Or Latino	12/21/12	EUR	No	C34.30	8480/3	C34.3	Yes	No	No	26.72847421	0:LIVING	9f4f2ff3-3c02-4281-a398-b0d0955e58eb	MX	N0	T3	With Tumor	11.3094651	1:PROGRESSION	No	White	No	-14	1	Male		-30
TCGA-69-A59K	60	STAGE IIB	7TH	21	LUAD	522	-22093	0			19.42992406	0:ALIVE OR DEAD TUMOR FREE	Not Hispanic Or Latino	2/18/13	AFR_ADMIX	No	C34.1	8255/3	C34.1	Yes	Yes	No	19.42992406	0:LIVING	67FA3E41-C7C6-44C5-9E67-6BCB2715AACC	M0	N0	T3	Tumor Free	19.42992406	0:CENSORED	No	Black or African American	No	18	1	Female	LUAD	6
TCGA-71-6725	48	STAGE IB	6TH	-9	LUAD	256	-17793	0			8.416346122	0:ALIVE OR DEAD TUMOR FREE	Not Hispanic Or Latino	8/9/11	EAS	No	C34.1	8260/3	C34.1	Yes	Yes	Yes	8.416346122	0:LIVING	4b7cd595-e7f9-45a8-b736-a8c7c42d9539	M0	N0	T2	Tumor Free	5.391721735	1:PROGRESSION	No	Asian	No	-16	1	Female	LUAD	-10
TCGA-71-8520	60	STAGE IB	7TH	5	LUAD	3	-21921	0	5.884867015	1:Recurred/Progressed	6.904033928	1:DEAD WITH TUMOR	Not Hispanic Or Latino	4/15/13	EAS	No	C34.1	8140/3	C34.1	Yes	No	Yes	6.904033928	1:DECEASED	37884d39-64e8-4242-b6bd-4c0a1daa21cd	M0	N0	T2	Tumor Free	5.884867015	1:PROGRESSION	No	Asian	Yes	10	1	Female		6
TCGA-73-4658	80	STAGE IB	6TH	17	LUAD	1600	-29508	0	52.60216326	0:DiseaseFree	52.60216326	0:ALIVE OR DEAD TUMOR FREE	Not Hispanic Or Latino	6/15/11	EUR	No	C34.3	8140/3	C34.3	Yes	Yes	No	52.60216326	1:DECEASED	afb91740-2668-46d7-ba01-bb26153ad1c7	M0	N0	T2	Tumor Free	52.60216326	0:CENSORED	Yes	White	No	-6	1	Female	LUAD	30
TCGA-73-4659	66	STAGE IIIA	6TH	25	LUAD	711	-24253	0			23.3750863	1:DEAD WITH TUMOR	Not Hispanic Or Latino	1/3/11	EUR	No	C34.1	8140/3	C34.9	Yes	Yes	Yes	23.3750863	1:DECEASED	cd0dc947-b708-464e-beb7-954c9d4583e7	M0	N2	T2	With Tumor	1.150672321	1:PROGRESSION	No	White	No	12	1	Male	LUAD	22
TCGA-73-4662	65	STAGE IA	6TH	-31	LUAD	2515	-23762	0	0.690403393	1:Recurred/Progressed	82.68402538	0:ALIVE OR DEAD TUMOR FREE	Not Hispanic Or Latino	1/6/11	EUR	No	C34.1	8140/3	C34.1	Yes	Yes	No	82.68402538	0:LIVING	294ff941-aea1-4588-9a0e-e9f5393e2bb6	M0	N0	T1	Tumor Free	0.690403393	1:PROGRESSION	No	White	No	-10	1	Female	LUAD	-26
TCGA-73-4666	52	STAGE IV		23	LUAD	800	-19074	0			26.30108163	0:ALIVE OR DEAD TUMOR FREE	Not Hispanic Or Latino	1/6/11	EUR	No	C34.1	8140/3	C34.1	Yes	Yes	Yes	26.30108163	0:LIVING	4c31127e-d095-4978-9dac-35153c27f6ed	M1	N0	T1	Tumor Free	26.30108163	0:CENSORED	No	White	Yes	26	1	Female	LUAD	38
TCGA-73-4668	66	STAGE IIB		23	LUAD	467	-24255	0	7.758819081	1:Recurred/Progressed	15.3532564	0:ALIVE OR DEAD TUMOR FREE	Not Hispanic Or Latino	1/6/11		No	C34.1	8507/3	C34.1	Yes	Yes	Yes	15.3532564	0:LIVING	b2285924-9813-4f46-bb8f-91a0efd8a9b6	M0	N1	T2	With Tumor	7.758819081	1:PROGRESSION	No	American Indian or Alaska Native	No	8	1	Female	LUAD	44
TCGA-73-4670	69	STAGE IV		35	LUAD	131	-25526	0			4.306802117	0:ALIVE OR DEAD TUMOR FREE	Not Hispanic Or Latino	1/6/11	EUR	No	C34.1	8140/3	C34.1	Yes	Yes	No	4.306802117	0:LIVING	1b354837-4925-4480-ac32-6b44d0957314	M1	N0	T2	With Tumor	4.306802117	0:CENSORED	No	White	No	26	1	Female	LUAD	54
TCGA-73-4675	59	STAGE IIIA	7TH	3	LUAD	40	-21614	0			30.31199658	0:ALIVE OR DEAD TUMOR FREE	Not Hispanic Or Latino	1/7/11	EUR	No	C34.3	8140/3	C34.3	Yes	Yes	Yes	30.31199658	1:DECEASED	ae39e358-08d7-4367-ae68-82b469e791e4	M0	N1	T3	Tumor Free	11.86836309	1:PROGRESSION	No	White	No	0	1	Male	LUAD	8
TCGA-73-4676	45	STAGE IIA	7TH	37	LUAD	164	-16746	0			9.238254923	1:DEAD WITH TUMOR	Not Hispanic Or Latino	5/18/11	EUR	Yes	C34.1	8140/3	C34.1	Yes	Yes		9.238254923	1:DECEASED	195a5afb-b79f-44d2-9d12-884487630c2b	M0	N1	T2A	Tumor Free	9.238254923	1:PROGRESSION	No	White	Yes	24	1	Male	LUAD	26
TCGA-73-4677	74	STAGE IA		-25	LUAD		-27381	0			1.249301378	1:DEAD WITH TUMOR	Not Hispanic Or Latino	1/7/11	EUR	No	C34.1	8140/3	C34.1	Yes	Yes	No	1.249301378	1:DECEASED	03c3409a-9d16-41d0-9e26-f9fc2547a4c8	M0	N0	T2A	With Tumor	1.249301378	1:PROGRESSION	No	White	No	-10	1	Male	LUAD	-26
TCGA-73-7498	58	STAGE IA	7TH	-41	LUAD	1189	-21527	0	39.08998258	0:DiseaseFree	39.08998258	0:ALIVE OR DEAD TUMOR FREE	Not Hispanic Or Latino	5/31/12	EUR	No	C34.3	8252/3	C34.3	Yes	Yes	No	39.08998258	0:LIVING	ad74c0e8-8878-4efc-997d-981cd547bc5b	M0	N0	T1B	Tumor Free	39.08998258	0:CENSORED	Yes, History Of Synchronous And Or Bilateral Malignancy	White	No	-14	1	Female	LUAD	-36
TCGA-73-7499	81	STAGE IB	7TH	17	LUAD	715	-29683	0	47.5720814	1:Recurred/Progressed	50.33369497	0:ALIVE OR DEAD TUMOR FREE	Not Hispanic Or Latino	5/31/12	EUR	No	C34.1	8255/3	C34.1	Yes	Yes	Yes	50.33369497	1:DECEASED	7782ceaa-da49-4232-8b3f-534971adaad8	M0	N0	T2A	Tumor Free	47.5720814	1:PROGRESSION	No	White	No	14	1	Female	LUAD	18
TCGA-73-A9RS	41	STAGE IIB	7TH	3	LUAD	305	-15162	0			11.17795969	1:DEAD WITH TUMOR	Not Hispanic Or Latino	6/17/14	AFR	No	C34.1	8480/3	C34.1	Yes	Yes	No	11.17795969	1:DECEASED	2A394996-809F-459F-A647-D209921CCBD2	M0	N0	T3	With Tumor	3.517769668	1:PROGRESSION	No	Black or African American	Yes	12	1	Male	LUAD	-14
TCGA-75-5122		STAGE IB		5	LUAD							1:DEAD WITH TUMOR		3/28/11	EUR	No	C34.1	8140/3	C34.1	Yes	Yes	Yes		1:DECEASED	78ae716b-0ca5-4c01-a053-d41288385fcd	M0	N0	T2	With Tumor		1:PROGRESSION	No		No	2	1	Male	LUAD	-14
TCGA-75-5125		STAGE IIB	6TH	33	LUAD				57.59936877	1:Recurred/Progressed	66.64036559	1:DEAD WITH TUMOR		3/31/11	EUR	No	C34.1	8140/3	C34.1	Yes	Yes	Yes	66.64036559	1:DECEASED	205759a6-6391-491b-9857-0080c3a5871e	M0	N1	T2	Tumor Free	57.59936877	1:PROGRESSION	No		No	16	1	Male	LUAD	26
TCGA-75-5126		STAGE IIIA		35	LUAD							0:ALIVE OR DEAD TUMOR FREE		3/31/11	EUR	No	C34.1	8260/3	C34.1	Yes	Yes	Yes		0:LIVING	93766482-2f20-4c8f-bbd8-bdd203c37d5a	M0	N2	T3	With Tumor		0:CENSORED	No		No	24	1	Female	LUAD	30
TCGA-75-5146		STAGE IB	6TH	-9	LUAD	2368			77.85120163	0:DiseaseFree	77.85120163	0:ALIVE OR DEAD TUMOR FREE		4/6/11	EUR	No	C34.3	8252/3	C34.3	Yes	Yes	Yes	77.85120163	0:LIVING	1d276b62-5e64-48fb-b2ce-5192b511fe37	M0	N0	T2	Tumor Free	58.28977217	1:PROGRESSION	No		No	-6	1	Male	LUAD	-22
TCGA-75-5147		STAGE IB	6TH	25	LUAD	1333			43.82417727	0:DiseaseFree	43.82417727	0:ALIVE OR DEAD TUMOR FREE		4/6/11	EUR	No	C34.1	8252/3	C34.1	Yes	Yes	No	43.82417727	0:LIVING	d2824e6d-3784-45c2-9b0f-52b17356b5da	M0	N0	T2	Tumor Free	43.82417727	0:CENSORED	No		No	16	1	Female	LUAD	22
TCGA-75-6203		STAGE IIIA	6TH	-33	LUAD					0:DiseaseFree		0:ALIVE OR DEAD TUMOR FREE		8/15/11	EUR	No	C34.3	8140/3	C34.3	Yes	Yes			0:LIVING	a8d6694c-a213-4544-ac0b-63bce16d8f4e	M0	N2	T2	Tumor Free		0:CENSORED	No		No	-16	1	Female	LUAD	-38
TCGA-75-6205		STAGE IB	7TH	11	LUAD							1:DEAD WITH TUMOR		7/21/11	EUR	No	C34.1	8140/3	C34.1	Yes	Yes	Yes		1:DECEASED	9a63f744-4ed4-4b4d-aac6-f9bda66aa563	M0	N0	T2A	Tumor Free		1:PROGRESSION	No		No	4	1	Female	LUAD	0
TCGA-75-6206		STAGE IB	6TH	-33	LUAD	2590			85.14975178	0:DiseaseFree	85.14975178	0:ALIVE OR DEAD TUMOR FREE		7/21/11	EUR	No	C34.1	8140/3	C34.1	Yes	Yes	No	85.14975178	0:LIVING	c4c1469d-752f-42b6-8686-714ad4a8ac97	M0	N0	T2	Tumor Free	85.14975178	0:CENSORED	No		No	-16	1	Male	LUAD	-40
TCGA-75-6207		STAGE IIIA	6TH	15	LUAD					0:DiseaseFree				7/21/11	EAS	No	C34.1	8140/3	C34.9	Yes	Yes			1:DECEASED	58babefe-7e81-4594-ba29-50d1de92a5ab	M0	N2	T2			0:CENSORED	No		No	8	1	Male	LUAD	24
TCGA-75-6211		STAGE IB	6TH	11	LUAD							1:DEAD WITH TUMOR		7/21/11	EUR	No	C34.1	8140/3	C34.9	Yes	Yes	Yes		1:DECEASED	2db08267-d346-4d42-aac0-b76831903253	M0	N0	T2	With Tumor		1:PROGRESSION	No		No	18	1	Female	LUAD	6
TCGA-75-6212		STAGE IIB	6TH	-1	LUAD				49.84054969	0:DiseaseFree	49.84054969	1:DEAD WITH TUMOR		7/21/11	EUR	No	C34.3	8507/3	C34.3	Yes	Yes	Yes	49.84054969	1:DECEASED	23069f19-eba5-4ea5-ae7d-1ee4399ce7c1	M0	N1	T2	Tumor Free	44.05431173	1:PROGRESSION	No		No	-6	1	Female	LUAD	4
TCGA-75-6214		STAGE IIIA	6TH	17	LUAD				13.77519151	1:Recurred/Progressed	36.65713253	1:DEAD WITH TUMOR		8/12/11	EUR	No	C34.1	8140/3	C34.1	Yes	Yes	Yes	36.65713253	1:DECEASED	32592562-11fa-435a-b40b-2b242bae53aa	M0	N2	T2	With Tumor	13.77519151	1:PROGRESSION	No		No	14	1	Female	LUAD	34
TCGA-75-7025		STAGE IB	6TH	-33	LUAD	3305			48.68987737	1:Recurred/Progressed	108.6563435	0:ALIVE OR DEAD TUMOR FREE		8/11/11	EUR	No	C34.1	8140/3	C34.1	Yes	Yes	Yes	108.6563435	0:LIVING	681b1176-9676-44d3-892c-1d5dba1ce25b	M0	N0	T2	Tumor Free	48.68987737	1:PROGRESSION	No		No	-16	1	Male	LUAD	-28
TCGA-75-7027		STAGE IB	6TH	23	LUAD	3059			96.95236217	1:Recurred/Progressed	100.5687609	0:ALIVE OR DEAD TUMOR FREE		8/12/11	EUR	No	C34.3	8140/3	C34.3	Yes	Yes	Yes	100.5687609	0:LIVING	488646a1-0bdb-45f8-8c30-bef006924511	M0	N0	T2	Tumor Free	96.95236217	1:PROGRESSION	No		No	18	1	Male	LUAD	22
TCGA-75-7030		STAGE IIB	6TH	-19	LUAD					0:DiseaseFree		0:ALIVE OR DEAD TUMOR FREE		8/16/11	EUR	No	C34.3	8140/3	C34.3	Yes	Yes	No		0:LIVING	df576520-a6b6-4c9b-8d06-3f59cc5342fd	M0	N0	T3	Tumor Free		0:CENSORED	No		No	-6	1	Male	LUAD	-14
TCGA-75-7031		STAGE IB	6TH	11	LUAD							0:ALIVE OR DEAD TUMOR FREE		8/16/11	EUR	No	C34.1	8140/3	C34.1	Yes	Yes	No		0:LIVING	4efc2dac-6330-4b7a-a529-a27285f5fc23	M0	N0	T2	Tumor Free		0:CENSORED	No		No	6	1	Female	LUAD	4
TCGA-78-7143	62	STAGE IB	6TH	-5	LUAD		-22673	0			163.0995825			9/23/11	EUR	No	C34.1	8252/3	C34.1	Yes	No	Yes	163.0995825	1:DECEASED	54254f5a-50e8-4150-a9b7-56a0470d2a56	M0	N0	T2	With Tumor	49.31452806	1:PROGRESSION	No	White	No	10	1	Female		-6
TCGA-78-7145	52	STAGE IV	6TH	23	LUAD		-19080	0			27.15586679	1:DEAD WITH TUMOR		9/23/11	EUR	No	C34.2	8140/3	C34.2	Yes	Yes	Yes	27.15586679	1:DECEASED	4ef872e1-82c9-4939-9248-41ed9d3085b2	M1	N1	T4	With Tumor	13.87382056	1:PROGRESSION	No	White	No	10	1	Female	LUAD	28
TCGA-78-7146	71	STAGE IIIA	6TH	31	LUAD		-26272	0			5.687608903			9/28/11	EUR	No	C34.3	8255/3	C34.3	Yes	Yes		5.687608903	1:DECEASED	ff9def3d-17e5-4ef6-b74e-933f11ed6f00	M0	N2	T2		5.687608903	0:CENSORED	No	White	No	24	1	Female	LUAD	34
TCGA-78-7147	67	STAGE IIB	6TH	9	LUAD		-24809	0			19.2655423	1:DEAD WITH TUMOR		9/28/11	EUR	No	C34.1	8140/3	C34.1	Yes	Yes	Yes	19.2655423	1:DECEASED	e7d30bc2-42e8-49c5-a5b3-9f58411b007a	M0	N1	T2	With Tumor	19.00253148	1:PROGRESSION	No	White	No	8	1	Female	LUAD	0
TCGA-78-7148	71	STAGE IIB	6TH	13	LUAD		-25990	0			20.58059638			10/4/11	EUR	No	C34.1	8255/3	C34.1	Yes	Yes	Yes	20.58059638	1:DECEASED	e8060c45-451d-4779-9584-f284db47e63e	M0	N1	T2		5.983496071	1:PROGRESSION	No	White	No	16	1	Male	LUAD	8
TCGA-78-7149	71	STAGE IIIB	6TH	-31	LUAD	3940	-26285	0	129.532827	0:DiseaseFree	129.532827	0:ALIVE OR DEAD TUMOR FREE		10/3/11	EUR	No	C34.3	8255/3	C34.3	Yes	Yes		129.532827	0:LIVING	2de1ba51-eae1-4a54-b7cd-d6d739fdc39d	M0	N0	T4		129.532827	0:CENSORED	No	White	No	-10	1	Male	LUAD	0
TCGA-78-7150	59	STAGE IIB	6TH	23	LUAD		-21891	0			21.89565046	1:DEAD WITH TUMOR		9/28/11	EUR	No	C34.3	8140/3	C34.3	Yes	Yes	Yes	21.89565046	1:DECEASED	a0e57b39-960e-4e46-8aa0-d0ee2fd9a7cc	M0	N1	T2	With Tumor	4.569812934	1:PROGRESSION	No	White	No	22	1	Male	LUAD	36
TCGA-78-7152	65	STAGE IB	6TH	-25	LUAD	1202	-23782	0	39.51737515	1:Recurred/Progressed	39.94476773	1:DEAD WITH TUMOR		9/29/11	EUR	No	C34.1	8255/3	C34.1	Yes	Yes	Yes	39.94476773	1:DECEASED	b56dad1e-2fd5-47d8-9cc7-a54be9a1bae2	M0	N0	T2	With Tumor	39.51737515	1:PROGRESSION	No	White	No	-18	1	Male	LUAD	-18
TCGA-78-7153	65	STAGE IB	6TH	-15	LUAD	3635	-23922	0	119.5055397	0:DiseaseFree	119.5055397	0:ALIVE OR DEAD TUMOR FREE		9/29/11	EUR	No	C34.8	8255/3	C34.8	Yes	Yes		119.5055397	0:LIVING	c353f949-5f66-4a2c-b8f0-17be8bf19e0a	M0	N0	T2		119.5055397	0:CENSORED	No	White	No	-12	1	Female	LUAD	-12
TCGA-78-7154	72	STAGE IIIA	6TH	25	LUAD		-26481	0			19.49567676			9/27/11	EUR	No	C34.1	8140/3	C34.1	Yes	Yes		19.49567676	1:DECEASED	d288b69f-1e79-4429-8646-9994b7c54f8f	M0	N2	T3		19.49567676	0:CENSORED	No	White		14	1	Male	LUAD	26
TCGA-78-7155	68	STAGE IB	6TH	9	LUAD		-24863	0			38.49820824			9/28/11	EUR	No	C34.1	8140/3	C34.1	Yes	Yes	Yes	38.49820824	1:DECEASED	fc79086c-af9a-4c27-b074-f7050b6f3381	M0	N0	T2		6.871157576	1:PROGRESSION	No	White		16	1	Male	LUAD	4
TCGA-78-7156	62	STAGE IV	6TH	-35	LUAD		-22720	0			32.08731959			9/29/11	EUR	No	C34.9	8255/3	C34.9	Yes	Yes		32.08731959	1:DECEASED	7b0622ab-63ea-483f-ae40-d3ea587bdbba	M1	N1	T4		32.08731959	0:CENSORED	No	White	No	-20	1	Male	LUAD	-40
TCGA-78-7158	59	STAGE IIIB	6TH	-21	LUAD		-21742	0			5.884867015	1:DEAD WITH TUMOR		9/15/11	EUR	No	C34.3	8255/3	C34.3	Yes	Yes	Yes	5.884867015	1:DECEASED	501c987e-d1eb-48a9-89eb-72a5062c90b4	M0	N2	T4	With Tumor	4.339678469	1:PROGRESSION	No	White	No	-12	1	Female	LUAD	-14
TCGA-78-7159	60	STAGE IA	6TH	11	LUAD	1974	-22261	0	64.89791893	0:DiseaseFree	64.89791893	0:ALIVE OR DEAD TUMOR FREE		9/27/11	EUR	No	C34.1	8255/3	C34.1	Yes	Yes		64.89791893	0:LIVING	4d153600-81f9-44fb-b485-6355ec306d6a	M0	NX	T1		64.89791893	0:CENSORED	No	White	No	14	1	Female	LUAD	4
TCGA-78-7160	61	STAGE IV	6TH	-19	LUAD	678	-22385	0			22.91481737			9/29/11	EUR	No	C34.3	8255/3	C34.3	Yes	Yes		22.91481737	1:DECEASED	c1a01e8c-1f7e-4e24-bfad-90b73f88e992	M1	N2	T4		22.91481737	0:CENSORED	No	White	No	4	1	Male	LUAD	-20
TCGA-78-7161	69	STAGE IIB	7TH	-21	LUAD	215	-25294	0			9.567018444	1:DEAD WITH TUMOR		10/27/11	EUR	No	C34.1	8255/3	C34.1	Yes	Yes	Yes	9.567018444	1:DECEASED	86faf16c-56fd-4b7b-a6b2-b4c83bec93e1	M0	N0	T3	With Tumor	5.325969031	1:PROGRESSION	No	White	No	-14	1	Female	LUAD	-12
TCGA-78-7162	75	STAGE IA	6TH	-37	LUAD		-27593	0			104.1851596			10/3/11	EUR	No	C34.1	8255/3	C34.1	Yes	Yes	Yes	104.1851596	1:DECEASED	16cd58db-d52c-403e-9e9c-6da2e99f6bad	M0	N0	T1		72.91974883	1:PROGRESSION	No	White	No	-16	1	Male	LUAD	-32
TCGA-78-7163	60	STAGE IB	6TH	-5	LUAD	7248	-22002	0	238.2877996	0:DiseaseFree	238.2877996	0:ALIVE OR DEAD TUMOR FREE		9/26/11	EUR	No	C34.3	8140/3	C34.3	Yes	Yes		238.2877996	0:LIVING	5abd6651-69be-42f8-bdc0-308e68136d31	M0	N0	T2	Tumor Free	238.2877996	0:CENSORED	No	White	No	-12	1	Male	LUAD	4
TCGA-78-7166	84	STAGE IIB	6TH	25	LUAD		-30869	0			8.482098826			9/28/11	EUR	No	C34.3	8140/3	C34.3	Yes	Yes	No	8.482098826	1:DECEASED	b40d0849-f4ef-4a14-9732-9beb708cb46b	M0	N1	T2		8.482098826	0:CENSORED	Yes	White	Yes	18	1	Male	LUAD	28
TCGA-78-7167	77	STAGE IV	6TH	-31	LUAD		-28295	0			88.14149982	1:DEAD WITH TUMOR		10/4/11	EUR	No	C34.9	8260/3	C34.9	Yes	Yes	Yes	88.14149982	1:DECEASED	fe3eeeb6-0db4-46d7-a020-55604d474c12	M1	N0	T2	With Tumor	23.86823158	1:PROGRESSION	No	White	No	-18	1	Male	LUAD	-34
TCGA-78-7220	53	STAGE IIIA	6TH	-1	LUAD		-19480	0			26.5312161	1:DEAD WITH TUMOR		12/8/11	EUR	No	C34.1	8255/3	C34.1	Yes	Yes	Yes	26.5312161	1:DECEASED	fd5c44ef-ea50-4fba-9e8d-e371cf34ebdb	M0	N2	T2	With Tumor	17.45734293	1:PROGRESSION	No	White	Yes	24	1	Female	LUAD	18
TCGA-78-7535	45	STAGE IB	6TH	-3	LUAD		-16571	0			31.19965809	1:DEAD WITH TUMOR		1/19/12	EUR	No	C34.1	8140/3	C34.1	Yes	Yes	Yes	31.19965809	1:DECEASED	46592b7b-6968-42a6-83af-0917c9f4a9a5	M0	N0	T2	With Tumor	26.5969688	1:PROGRESSION	No	White	No	6	1	Male	LUAD	10
TCGA-78-7536	69	STAGE IIIA	6TH	19	LUAD		-25558	0			8.021829898	1:DEAD WITH TUMOR		1/19/12	EUR	No	C34.1	8140/3	C34.1	Yes	Yes	Yes	8.021829898	1:DECEASED	daf0e08e-1738-43f8-874a-b37d79cbe3a7	M0	N2	T2	With Tumor	7.594437321	1:PROGRESSION	No	White	Yes	22	1	Male	LUAD	14
TCGA-78-7537	72	STAGE IB	6TH	-35	LUAD		-26610	0			53.32544301			1/13/12	EUR	No	C34.1	8255/3	C34.1	Yes	Yes		53.32544301	1:DECEASED	67a2bc21-7c87-4678-997d-a434de672436	M0	N0	T2		53.32544301	0:CENSORED	No		No	-20	1	Male	LUAD	-26
TCGA-78-7539	75	STAGE IIA	7TH	-35	LUAD	791	-27445	0	22.6189302	1:Recurred/Progressed	26.00519446	0:ALIVE OR DEAD TUMOR FREE		1/19/12	EUR	No	C34.1	8255/3	C34.1	Yes	Yes	Yes	26.00519446	0:LIVING	7be86a90-6da8-4c01-8a7a-bc5cfef9894f	M0	N0	T2B		22.6189302	1:PROGRESSION	No	White	No	-22	1	Female	LUAD	-40
TCGA-78-7540	66	STAGE IB	6TH	-17	LUAD	881	-24440	0	39.35299339	0:DiseaseFree	39.35299339			1/18/12	EUR	No	C34.3	8253/3	C34.3	Yes	Yes		39.35299339	1:DECEASED	05534064-8b43-4c82-95da-70fd83bd6560	M0	N0	T2		39.35299339	0:CENSORED	No	White		-14	1	Female	LUAD	-24
TCGA-78-7542	56	STAGE IB	6TH	39	LUAD		-20763	0			10.55330901			1/13/12	EUR	No	C34.1	8140/3	C34.1	Yes	Yes		10.55330901	1:DECEASED	e64f76e4-f748-4d9e-ba71-53e2818a7920	M0	N0	T2		10.55330901	0:CENSORED	No	White		20	1	Male	LUAD	56
TCGA-78-7633	67	STAGE IB	6TH	-41	LUAD	994	-24713	0	47.67071046	1:Recurred/Progressed	50.23506592	1:DEAD WITH TUMOR		1/31/12	EUR	No	C34.1	8255/3	C34.1	Yes	Yes	Yes	50.23506592	1:DECEASED	44218b35-219c-4ad9-a01e-fde14067c4c0	M0	N0	T2		47.67071046	1:PROGRESSION	Yes	White		-14	1	Male	LUAD	-32
TCGA-78-8640	59	STAGE IIA	6TH	31	LUAD	7062	-21832	0	232.1727981	0:DiseaseFree	232.1727981	0:ALIVE OR DEAD TUMOR FREE		10/23/12	EUR	No	C34.1	8140/3	C34.1	Yes	Yes		232.1727981	0:LIVING	18478121-f1d1-4bdd-9511-8ab22f4a0660	M0	N1	T1	Tumor Free	232.1727981	0:CENSORED	No		No	26	1	Male	LUAD	14
TCGA-78-8648	58	STAGE IIB	6TH	-25	LUAD		-21443	0			39.74750962			10/23/12	EUR	No	C34.1	8140/3	C34.1	Yes	Yes	Yes	39.74750962	1:DECEASED	5ace9608-d38a-42f2-a877-ec7c9d211808	M0	N0	T3		23.67097347	1:PROGRESSION	No		No	6	1	Female	LUAD	-24
TCGA-78-8655	77	STAGE IA	6TH	-35	LUAD	2360	-28379	0	77.58819081	0:DiseaseFree	77.58819081	0:ALIVE OR DEAD TUMOR FREE		10/23/12	EUR	No	C34.3	8255/3	C34.3	Yes	Yes		77.58819081	0:LIVING	a905d275-9283-4fa6-bbbf-46019bd1bcb7	M0	N0	T1		77.58819081	0:CENSORED	No		No	-18	1	Female	LUAD	-14
TCGA-78-8660	69	STAGE IIB	6TH	25	LUAD		-25422	0			10.55330901	1:DEAD WITH TUMOR		10/23/12	EUR	No	C34.3	8140/3	C34.3	Yes	Yes	Yes	10.55330901	1:DECEASED	781f40c9-c099-4c96-8269-ebe2a449c93d	M0	N1	T2	With Tumor	7.956077194	1:PROGRESSION	Yes		Yes	26	1	Male	LUAD	44
TCGA-78-8662	53	STAGE IB	6TH	19	LUAD		-19563	0	100.0756156	1:Recurred/Progressed	110.4974192			10/23/12	EUR	No	C34.1	8140/3	C34.1	Yes	Yes	Yes	110.4974192	1:DECEASED	16e64a1e-08b0-4c27-8c69-fa64551f8ca4	M0	N0	T2		100.0756156	1:PROGRESSION	No		No	16	1	Female	LUAD	12
TCGA-80-5607		STAGE IIB	6TH	13	LUAD							0:ALIVE OR DEAD TUMOR FREE		8/12/11	EUR	No	C34.1	8140/3	C34.1	Yes	Yes	Yes		0:LIVING	645903b5-ba37-48a1-985b-a019b8db3236	M0	N1	T2	With Tumor		0:CENSORED	Yes		No	14	1	Female	LUAD	8
TCGA-80-5608		STAGE IA	6TH	21	LUAD	2832			93.10582898	0:DiseaseFree	93.10582898	0:ALIVE OR DEAD TUMOR FREE		8/15/11	EUR	No	C34.1	8140/3	C34.1	Yes	Yes	No	93.10582898	0:LIVING	5c06d97f-2aaa-43de-b085-09d7829356ba	M0	N0	T1	Tumor Free	93.10582898	0:CENSORED	No		No	8	1	Female	LUAD	20
TCGA-80-5611		STAGE IB	6TH	31	LUAD	2595			85.31413354	0:DiseaseFree	85.31413354	0:ALIVE OR DEAD TUMOR FREE		7/26/11	EUR	No	C34.1	8230/3	C34.1	Yes	Yes	No	85.31413354	0:LIVING	e51f717f-72e8-400e-9f35-fc5dc32fdf71	M0	N0	T2	Tumor Free	85.31413354	0:CENSORED	Yes		No	20	1	Male	LUAD	22
TCGA-83-5908	59	STAGE IA	6TH	15	LUAD	824	-21760	0			27.09011408	0:ALIVE OR DEAD TUMOR FREE	Not Hispanic Or Latino	5/25/11	EUR	No	C34.1	8140/3	C34.1	Yes	Yes	No	27.09011408	0:LIVING	25d4ea9e-f773-4f11-bac9-64efdad73211	M0	N0	T1	Tumor Free	27.09011408	0:CENSORED	No	White	No	16	1	Female	LUAD	16
TCGA-86-6562	52	STAGE IIA	7TH	-1	LUAD	0	-19301	0			12.36150837	1:DEAD WITH TUMOR	Not Hispanic Or Latino	6/21/11	EUR	No	C34.1	8140/3	C34.1	Yes	Yes	Yes	12.36150837	1:DECEASED	dcd066ba-5894-453e-b1da-82092858c3db	M0	N1	T2A	Tumor Free	9.008120459	1:PROGRESSION	No	White	No	10	1	Male	LUAD	10
TCGA-86-6851	73	STAGE IIA	7TH	-21	LUAD	179	-26808	0	5.884867015	0:DiseaseFree	5.884867015	0:ALIVE OR DEAD TUMOR FREE	Not Hispanic Or Latino	10/7/11	EUR	No	C34.1	8255/3	C34.1	Yes	Yes	No	5.884867015	0:LIVING	035c0b2b-c722-443b-8962-db4ee92c7532	M0	N1	T1B	Tumor Free	5.884867015	0:CENSORED	No	White	No	-2	1	Female	LUAD	-18
TCGA-86-7701	66	STAGE IV	7TH	9	LUAD	947	-24209	0			31.13390538	0:ALIVE OR DEAD TUMOR FREE	Not Hispanic Or Latino	1/18/12	EUR	No	C34.1	8140/3	C34.1	Yes	Yes	Yes	31.13390538	0:LIVING	a3f6bc1c-19ab-4eeb-a9ac-3d2fac850bde	M1	N0	T2	Tumor Free	13.93957327	1:PROGRESSION	No	White	No	12	1	Male	LUAD	-8
TCGA-86-7711	70	STAGE IIA	7TH	19	LUAD	630	-25719	0			34.38866423	1:DEAD WITH TUMOR	Hispanic Or Latino	5/2/11	EUR	No	C34.3	8140/3	C34.3	Yes	Yes	No	34.38866423	1:DECEASED	9c894668-88f5-4308-a1c0-6b8acc6aaaec	M0	N1	T2A	Tumor Free	34.38866423	1:PROGRESSION	No	White	No	16	1	Male	LUAD	24
TCGA-86-7713	70	STAGE IIA	7TH	-7	LUAD	1157	-25791	0	38.03793931	0:DiseaseFree	38.03793931	0:ALIVE OR DEAD TUMOR FREE	Not Hispanic Or Latino	5/2/11	EUR	No	C34.2	8140/3	C34.2	Yes	Yes	No	38.03793931	0:LIVING	cc68632c-b1e3-491b-b562-9468e2d1c101	M0	N0	T2B	Tumor Free	38.03793931	0:CENSORED	No	White	No	10	1	Male	LUAD	6
TCGA-86-7714	61	STAGE IIIA	7TH	-27	LUAD	0	-22619	0			20.54772003	1:DEAD WITH TUMOR	Not Hispanic Or Latino	7/12/11	AFR	No	C34.3	8255/3	C34.3	Yes	Yes	No	20.54772003	1:DECEASED	532c1852-76dd-489f-9380-36766d6e3c34	M0	N2	T1B	With Tumor	20.54772003	1:PROGRESSION	No	Black or African American	No	-14	1	Female	LUAD	-36
TCGA-86-7953	69	STAGE IA	7TH	-1	LUAD	997	-25315	0	32.77772298	0:DiseaseFree	32.77772298	0:ALIVE OR DEAD TUMOR FREE	Not Hispanic Or Latino	3/14/12	EUR	No	C34.1	8250/3	C34.1	Yes	Yes	No	32.77772298	0:LIVING	54775a66-08cc-4f38-98f2-e7b2b5cec994	M0	N0	T1B	Tumor Free	32.77772298	0:CENSORED	No	White	No	12	1	Female	LUAD	6
TCGA-86-7954	68	STAGE IB	7TH	-11	LUAD	605	-25062	0	19.89019298	0:DiseaseFree	19.89019298	0:ALIVE OR DEAD TUMOR FREE	Not Hispanic Or Latino	3/30/12	EUR	No	C34.3	8250/3	C34.3	Yes	Yes	No	19.89019298	0:LIVING	079ae0b3-b64b-4b8e-ab7d-225b8046568c	M0	N0	T2	Tumor Free	19.89019298	0:CENSORED	No	White	No	10	1	Female	LUAD	-22
TCGA-86-7955	62	STAGE IB	7TH	23	LUAD	1072	-22772	0	26.95860867	1:Recurred/Progressed	35.24344939	0:ALIVE OR DEAD TUMOR FREE	Not Hispanic Or Latino	3/14/12	EUR	No	C34.3	8140/3	C34.3	Yes	Yes	Yes	35.24344939	0:LIVING	0d0d83d9-d558-4d38-977b-6f1b2471beda	M0	N0	T2A	Tumor Free	26.95860867	1:PROGRESSION	No	White	Yes	16	1	Male	LUAD	22
TCGA-86-8054	61	STAGE IIB	7TH	29	LUAD	1148	-22584	0	37.74205214	0:DiseaseFree	37.74205214	0:ALIVE OR DEAD TUMOR FREE	Not Hispanic Or Latino	5/2/12	EUR	No	C34.1	8550/3	C34.1	Yes	Yes	No	37.74205214	0:LIVING	0fe909ea-d52c-4b71-816f-57f62d4a5744	M0	N1	T2B	Tumor Free	37.74205214	0:CENSORED	No	White	No	26	1	Male	LUAD	28
TCGA-86-8055	79	STAGE IIA	7TH	17	LUAD	10	-29124	0	4.076667653	0:DiseaseFree	4.076667653	0:ALIVE OR DEAD TUMOR FREE	Not Hispanic Or Latino	5/9/12	EUR	No	C34.1	8140/3	C34.1	Yes	Yes	No	4.076667653	1:DECEASED	34d8e84e-c3e1-417d-8b9b-8563d9fa0f8e	M0	N1	T2A	Tumor Free	4.076667653	0:CENSORED	No	White	No	8	1	Male	LUAD	16
TCGA-86-8056	63	STAGE IIIA	7TH	-35	LUAD	139	-23369	0	4.569812934	0:DiseaseFree	4.569812934	0:ALIVE OR DEAD TUMOR FREE	Not Hispanic Or Latino	5/9/12	EUR	No	C34.1	8255/3	C34.1	Yes	Yes		4.569812934	0:LIVING	472337c2-a2fc-403a-8c17-69511193128b	M0	N0	T4	Tumor Free	4.569812934	0:CENSORED	No	White		-14	1	Female	LUAD	-32
TCGA-86-8073	58	STAGE IB	7TH	-13	LUAD	740	-21214	0	24.32850051	0:DiseaseFree	24.32850051	0:ALIVE OR DEAD TUMOR FREE	Not Hispanic Or Latino	6/13/12	EUR	No	C34.1	8250/3	C34.1	Yes	Yes	No	24.32850051	0:LIVING	cd902d08-215e-4bd0-88e4-4fd01ab43cbf	M0	N0	T2A	Tumor Free	24.32850051	0:CENSORED	No	White	No	6	1	Male	LUAD	-6
TCGA-86-8074	62	STAGE IIA	7TH	19	LUAD	24	-22862	0			0.789032449	0:ALIVE OR DEAD TUMOR FREE	Not Hispanic Or Latino	5/9/12	EUR	No	C34.3	8260/3	C34.3	Yes	Yes		0.789032449	0:LIVING	482eb2a7-6fed-4e4c-b1b6-14d6d869f855	M0	N1	T1B	Tumor Free	0.789032449	0:CENSORED	No	White		12	1	Female	LUAD	32
TCGA-86-8075	66	STAGE IB	7TH	15	LUAD	479	-24402	0	6.542394056	1:Recurred/Progressed	22.81618832	0:ALIVE OR DEAD TUMOR FREE	Not Hispanic Or Latino	5/16/12	EUR	No	C34.1	8140/3	C34.1	Yes	Yes	No	22.81618832	1:DECEASED	8869000d-09d7-465a-ac32-54d1935c43e7	M0	N0	T2	Tumor Free	6.542394056	1:PROGRESSION	No	White	No	12	1	Female	LUAD	26
TCGA-86-8076	42	STAGE IA	7TH	-25	LUAD	993	-15605	0	32.64621758	0:DiseaseFree	32.64621758	0:ALIVE OR DEAD TUMOR FREE	Not Hispanic Or Latino	5/9/12	EUR	No	C34.1	8260/3	C34.1	Yes	Yes	No	32.64621758	0:LIVING	8609edfc-119d-4d63-9188-c86aabd5ca52	M0	N0	T1	Tumor Free	32.64621758	0:CENSORED	No	White	No	-8	1	Male	LUAD	-20
TCGA-86-8278	63	STAGE IIB	7TH	-11	LUAD	944	-23117	0	0.953414209	1:Recurred/Progressed	31.03527633	0:ALIVE OR DEAD TUMOR FREE	Not Hispanic Or Latino	6/6/12	EUR	No	C34.30	8480/3	C34.3	Yes	Yes	No	31.03527633	0:LIVING	a816e355-be6f-4d16-b051-b6d86ed8cded	M0	N1	T2	Tumor Free	0.953414209	1:PROGRESSION	No	White	No	-2	1	Female	LUAD	0
TCGA-86-8279	46	STAGE IIA	7TH	7	LUAD	949	-17032	0	31.19965809	0:DiseaseFree	31.19965809	0:ALIVE OR DEAD TUMOR FREE	Not Hispanic Or Latino	6/6/12	EUR	No	C34.1	8140/3	C34.1	Yes	Yes	No	31.19965809	0:LIVING	2923e404-38f2-437a-b57e-23401fbe0273	M0	N1	T2A	Tumor Free	31.19965809	0:CENSORED	No	White	Yes	6	1	Male	LUAD	10
TCGA-86-8280	54	STAGE IIA	7TH	-11	LUAD	701	-19977	0	23.04632278	0:DiseaseFree	23.04632278	0:ALIVE OR DEAD TUMOR FREE	Not Hispanic Or Latino	5/30/12	EUR	No	C34.3	8252/3	C34.3	Yes	Yes	No	23.04632278	0:LIVING	d8faa3a7-6b3f-4e69-8c88-184e41055bd7	M0	N0	T2B	Tumor Free	23.04632278	0:CENSORED	No	White	No	-8	1	Female	LUAD	2
TCGA-86-8281	75	STAGE IA	7TH	-33	LUAD	0	-27409	0	0	0:DiseaseFree	0	0:ALIVE OR DEAD TUMOR FREE	Not Hispanic Or Latino	5/30/12	EUR	No	C34.3	8140/3	C34.3	Yes	Yes	No	0	0:LIVING	5d7ec32a-049f-4997-9882-1b3ac157e02d	M0	NX	T1	Tumor Free	0	0:CENSORED	No	White		-8	1	Male	LUAD	-28
TCGA-86-8358	44	STAGE IB	7TH	21	LUAD	653	-16409	0	21.46825788	0:DiseaseFree	21.46825788	0:ALIVE OR DEAD TUMOR FREE	Not Hispanic Or Latino	7/6/12	EUR	No	C34.1	8140/3	C34.1	Yes	Yes	No	21.46825788	0:LIVING	467d96d7-4a42-4116-8c32-0e4b34f96d8a	M0	N0	T2A	Tumor Free	21.46825788	0:CENSORED	No	White	No	22	1	Male	LUAD	2
TCGA-86-8359	52	STAGE IIIA	7TH	-5	LUAD	26	-19088	0			14.59710031	0:ALIVE OR DEAD TUMOR FREE	Not Hispanic Or Latino	7/17/12	EUR	No	C34.3	8140/3	C34.3	Yes	Yes		14.59710031	1:DECEASED	7e7f089c-25f7-4e14-aed5-d741047b9e42	M0	N2	T3	Tumor Free	14.59710031	0:CENSORED	No	White		-12	1	Male	LUAD	-4
TCGA-86-8585	57	STAGE IB	7TH	27	LUAD	353	-20918	0	11.60535227	0:DiseaseFree	11.60535227	0:ALIVE OR DEAD TUMOR FREE	Not Hispanic Or Latino	8/30/12	EUR	No	C34.1	8230/3	C34.1	Yes	Yes	No	11.60535227	0:LIVING	2f1a4b16-104c-40eb-8114-8245847bb716	M0	N0	T2A	Tumor Free	11.60535227	0:CENSORED	No	White	No	18	1	Male	LUAD	30
TCGA-86-8668	61	STAGE IA	7TH	-31	LUAD	423	-22383	0	13.90669691	0:DiseaseFree	13.90669691	0:ALIVE OR DEAD TUMOR FREE	Not Hispanic Or Latino	8/30/12	EUR	No	C34.3	8253/3	C34.3	Yes	Yes	No	13.90669691	0:LIVING	f2d8b332-2f03-46e5-a9d5-f163972e5fa7	M0	N0	T1B	Tumor Free	13.90669691	0:CENSORED	No	White	No	-14	1	Female	LUAD	-38
TCGA-86-8669	64	STAGE IA	7TH	-15	LUAD	938	-23443	0	27.91202288	1:Recurred/Progressed	30.83801821	0:ALIVE OR DEAD TUMOR FREE	Not Hispanic Or Latino	8/30/12	EUR	No	C34.1	8140/3	C34.1	Yes	Yes	Yes	30.83801821	0:LIVING	7b89166e-c5b8-481b-aa70-495141499b91	M0	N0	T1B	Tumor Free	27.91202288	1:PROGRESSION	No	White	No	-10	1	Male	LUAD	-18
TCGA-86-8671	72	STAGE IIB	7TH	-33	LUAD	839	-26448	0	27.58325936	0:DiseaseFree	27.58325936	0:ALIVE OR DEAD TUMOR FREE	Not Hispanic Or Latino	8/30/12	EUR	No	C34.1	8260/3	C34.1	Yes	Yes	No	27.58325936	0:LIVING	c4cfa3cc-e305-42dd-be57-97efbb891659	M0	N1	T2B	With Tumor	27.58325936	0:CENSORED	No	White	No	-16	1	Female	LUAD	-48
TCGA-86-8672	59	STAGE IIB	7TH	25	LUAD	15	-21682	0	0.624650689	0:DiseaseFree	0.624650689	0:ALIVE OR DEAD TUMOR FREE	Not Hispanic Or Latino	8/31/12	EUR	No	C34.1	8140/3	C34.1	Yes	Yes	No	0.624650689	1:DECEASED	c0e263eb-1a83-4dc8-8abe-3dd2a59bae1b	M0	N0	T3	Tumor Free	0.624650689	0:CENSORED	No	White	No	20	1	Male	LUAD	28
TCGA-86-8673	61	STAGE IB	7TH	31	LUAD	862	-22571	0	20.9093599	1:Recurred/Progressed	28.33941546	0:ALIVE OR DEAD TUMOR FREE	Not Hispanic Or Latino	8/30/12	EUR	No	C34.1	8252/3	C34.1	Yes	Yes	Yes	28.33941546	0:LIVING	bc4c4079-b449-485d-84e4-a40496e563e8	M0	N0	T2	Tumor Free	20.9093599	1:PROGRESSION	No	White	No	10	1	Male	LUAD	24
TCGA-86-8674	50	STAGE IIA	7TH	-15	LUAD	806	-18479	0	10.98070158	1:Recurred/Progressed	26.49833974	0:ALIVE OR DEAD TUMOR FREE	Not Hispanic Or Latino	8/30/12	EUR	No	C34.2	8260/3	C34.2	Yes	Yes	No	26.49833974	0:LIVING	0a1eea76-e19a-4547-9b24-abf7051cc4db	M0	N1	T2A	Tumor Free	10.98070158	1:PROGRESSION	No	White	No	-16	1	Male	LUAD	-6
TCGA-86-A456	78	STAGE IA	7TH	-27	LUAD	896	-28533	0	29.45721143	0:DiseaseFree	29.45721143	0:ALIVE OR DEAD TUMOR FREE	Not Hispanic Or Latino	12/6/12	EAS	No	C34.1	8260/3	C34.1	Yes	Yes	No	29.45721143	0:LIVING	8E2ACA86-7CBA-4631-9F25-4D14219DBC6D	M0	N0	T1A	Tumor Free	29.45721143	0:CENSORED	No	Asian	No	-10	1	Female	LUAD	-28
TCGA-86-A4D0	48	STAGE IIA	7TH	19	LUAD	30	-17607	0	3.813656837	0:DiseaseFree	3.813656837	0:ALIVE OR DEAD TUMOR FREE	Not Hispanic Or Latino	12/6/12	EUR	No	C34.1	8140/3	C34.1	Yes	No	No	3.813656837	1:DECEASED	528A0FCE-0719-4B19-A69D-3F18681696C5	M0	N0	T2B	Tumor Free	3.813656837	0:CENSORED	No	White	No	18	1	Male		10
TCGA-86-A4JF	56	STAGE IIB	7TH	23	LUAD	536	-20491	0	14.33408949	1:Recurred/Progressed	24.22987145	1:DEAD WITH TUMOR	Not Hispanic Or Latino	2/14/13	EUR	No	C34.1	8140/3	C34.1	Yes	Yes	No	24.22987145	1:DECEASED	E01E4FB3-236A-4D16-9073-555876B688E9	M0	N0	T3	Tumor Free	14.33408949	1:PROGRESSION	No	White	No	16	1	Male	LUAD	22
TCGA-86-A4P7	63	STAGE IB	7TH	-31	LUAD	415	-23330	0	13.6436861	0:DiseaseFree	13.6436861	0:ALIVE OR DEAD TUMOR FREE	Not Hispanic Or Latino	2/7/13	EUR	No	C34.3	8140/3	C34.3	Yes	Yes	No	13.6436861	0:LIVING	9E640FF7-996E-427B-B56C-519A1E23BAAB	M0	N0	T2A	Tumor Free	13.6436861	0:CENSORED	No	White	No	-10	1	Female	LUAD	-32
TCGA-86-A4P8	59	STAGE IIIA	7TH	-37	LUAD	805	-21738	0	26.46546339	0:DiseaseFree	26.46546339	0:ALIVE OR DEAD TUMOR FREE	Not Hispanic Or Latino	2/7/13	EUR	No	C34.3	8140/3	C34.3	Yes	Yes	No	26.46546339	0:LIVING	646910EE-5F5D-40AC-A21A-75790F89430A	MX	N2	T1B		26.46546339	0:CENSORED	No	White	Yes	-22	1	Female	LUAD	-44
TCGA-91-6828	70	STAGE IA	7TH	-21	LUAD	323	-25870	0	10.61906171	0:DiseaseFree	10.61906171	0:ALIVE OR DEAD TUMOR FREE	Not Hispanic Or Latino	7/15/11	EUR	No	C34.3	8140/3	C34.3	Yes	Yes	No	10.61906171	0:LIVING	9536e32d-2707-48d2-a36d-08c521665bb9	M0	N0	T1A		10.61906171	0:CENSORED	No	White	No	-6	1	Male	LUAD	-16
TCGA-91-6829	78	STAGE IB	5TH	-11	LUAD		-28841	0			41.35845087	0:ALIVE OR DEAD TUMOR FREE	Not Hispanic Or Latino	7/19/11	EUR	No	C34.3	8252/3	C34.3	Yes	Yes	No	41.35845087	1:DECEASED	1427cd18-5ad3-491a-9981-908e31ae49db	MX	N0	T2	Tumor Free	41.35845087	0:CENSORED	No	White	No	10	1	Male	LUAD	-2
TCGA-91-6830	65	STAGE IIA	5TH	-1	LUAD	60	-23922	0			1.972581122	0:ALIVE OR DEAD TUMOR FREE	Not Hispanic Or Latino	7/19/11	EUR	No	C34.1	8140/3	C34.1	Yes	Yes	Yes	1.972581122	0:LIVING	5a2f8140-8f90-4e94-b703-5fa5aa96be7b	MX	N1	T1	With Tumor	0.591774337	1:PROGRESSION	No	White	No	4	1	Female	LUAD	10
TCGA-91-6831	66	STAGE IB	5TH	25	LUAD	310	-24436	0	10.19166913	0:DiseaseFree	10.19166913	0:ALIVE OR DEAD TUMOR FREE	Not Hispanic Or Latino	7/19/11	EUR	No	C34.2	8140/3	C34.2	Yes	Yes	No	10.19166913	0:LIVING	db0b9e63-4272-4f29-bf0e-1ec0fe79a9d7	MX	N0	T2	Tumor Free	10.19166913	0:CENSORED	No	White	No	20	1	Male	LUAD	20
TCGA-91-6835	81	STAGE IA	7TH	-33	LUAD	79	-29887	0	2.597231811	0:DiseaseFree	2.597231811	0:ALIVE OR DEAD TUMOR FREE	Not Hispanic Or Latino	7/20/11	EUR	No	C34.3	8140/3	C34.3	Yes	Yes	No	2.597231811	0:LIVING	2f09479f-87fc-4c34-8e2c-333e970a3681	M0	N0	T1		2.597231811	0:CENSORED	No	White	No	-14	1	Female	LUAD	-22
TCGA-91-6836	52	STAGE IB	7TH	21	LUAD	417	-19216	0	13.7094388	0:DiseaseFree	13.7094388	0:ALIVE OR DEAD TUMOR FREE	Not Hispanic Or Latino	7/20/11	EUR	No	C34.1	8140/3	C34.1	Yes	Yes	No	13.7094388	0:LIVING	0b31dbdf-0623-48e4-a0ec-017650dceda7	MX	N0	T2	Tumor Free	13.7094388	0:CENSORED	Yes	White	No	24	1	Female	LUAD	10
TCGA-91-6840	59	STAGE IA	7TH	-13	LUAD	372	-21854	0	12.23000296	0:DiseaseFree	12.23000296	0:ALIVE OR DEAD TUMOR FREE	Not Hispanic Or Latino	7/15/11	EUR	No	C34.1	8140/3	C34.1	Yes	Yes	No	12.23000296	0:LIVING	d5326429-9805-47f9-97b0-fbda658e3f01	M0	N0	T1B	Tumor Free	12.23000296	0:CENSORED	No	White	No	8	1	Female	LUAD	-10
TCGA-91-6847	62	STAGE IB	5TH	21	LUAD	842	-22862	0			27.68188842	0:ALIVE OR DEAD TUMOR FREE	Not Hispanic Or Latino	7/19/11	EUR	No	C34.3	8140/3	C34.3	Yes	Yes	Yes	27.68188842	0:LIVING	97831d28-ab41-4c18-bfc2-c4c6bc757d13	MX	N0	T2		25.38054378	1:PROGRESSION	No	White	Yes	18	1	Female	LUAD	32
TCGA-91-6848	59	STAGE IIIA	6TH	15	LUAD	224	-21829	0	7.364302857	0:DiseaseFree	7.364302857	0:ALIVE OR DEAD TUMOR FREE	Not Hispanic Or Latino	7/19/11	EUR	No	C34.1	8140/3	C34.1	Yes	Yes	No	7.364302857	0:LIVING	0232d299-4cdf-4fd7-9a5e-8d13c208b40c	MX	N2	T2		7.364302857	0:CENSORED	No	White	No	14	1	Male	LUAD	10
TCGA-91-6849	75	STAGE IIIA	6TH	-37	LUAD	35	-27676	0			1.150672321	0:ALIVE OR DEAD TUMOR FREE	Not Hispanic Or Latino	7/20/11	AFR_ADMIX	No	C34.1	8140/3	C34.1	Yes	Yes		1.150672321	0:LIVING	953a908d-0993-42f6-853b-512611d19a2c	MX	N2	T2		1.150672321	0:CENSORED	No	Black or African American		-12	1	Female	LUAD	-36
TCGA-91-7771	62	STAGE IIB	7TH	-19	LUAD	492	-22926	0	16.1751652	0:DiseaseFree	16.1751652	0:ALIVE OR DEAD TUMOR FREE	Not Hispanic Or Latino	1/24/12	EUR	No	C34.1	8140/3	C34.1	Yes	Yes	No	16.1751652	0:LIVING	c0fdb152-25d2-404b-bec7-a43ece381f5b	MX	N0	T3		16.1751652	0:CENSORED	Yes	White	No	-8	1	Male	LUAD	-20
TCGA-91-8496	63	STAGE IB	7TH	-5	LUAD	505	-23358	0	16.60255778	0:DiseaseFree	16.60255778	0:ALIVE OR DEAD TUMOR FREE	Not Hispanic Or Latino	8/23/12	EUR	No	C34.3	8252/3	C34.3	Yes	Yes	No	16.60255778	0:LIVING	656a5eb4-e4a5-4d21-a800-3586f4d6588b	MX	NX	T2A		16.60255778	0:CENSORED	No	White	No	-16	1	Female	LUAD	-4
TCGA-91-8497	75	STAGE IA	7TH	-45	LUAD	174	-27632	0	14.26833679	0:DiseaseFree	14.26833679	0:ALIVE OR DEAD TUMOR FREE	Not Hispanic Or Latino	8/20/12	EUR	No	C34.1	8140/3	C34.1	Yes	Yes	No	14.26833679	1:DECEASED	4ad63dac-76a7-4527-abce-d7a0184e8739	MX	N0	T1A		14.26833679	0:CENSORED	No	White	No	-18	1	Female	LUAD	-56
TCGA-91-8499	76	STAGE IA	7TH	23	LUAD	36	-27853	0			1.183548673	0:ALIVE OR DEAD TUMOR FREE	Not Hispanic Or Latino	8/29/12	EUR	No	C34.3	8140/3	C34.3	Yes	Yes	No	1.183548673	0:LIVING	54480f58-7e63-4aed-a116-c2c2252e8364	MX	N0	T1B		1.183548673	0:CENSORED	No	White	No	22	1	Female	LUAD	30
TCGA-91-A4BC	59	STAGE IIA	7TH	-3	LUAD	44	-21565	0			1.44655949	0:ALIVE OR DEAD TUMOR FREE	Not Hispanic Or Latino	2/5/13	EUR	No	C34.1	8140/3	C34.1	Yes	Yes		1.44655949	0:LIVING	EA0B9461-0D4D-4ADE-A255-1B03DD85E30E	MX	N0	T2B		1.44655949	0:CENSORED	Yes, History Of Synchronous And Or Bilateral Malignancy	White		16	1	Male	LUAD	-16
TCGA-91-A4BD	78	STAGE IIA	7TH	-9	LUAD	603	-28544	0	19.82444028	0:DiseaseFree	19.82444028	0:ALIVE OR DEAD TUMOR FREE	Not Hispanic Or Latino	2/5/13	EUR	No	C34.3	8140/3	C34.3	Yes	Yes	No	19.82444028	0:LIVING	0D980584-4484-4063-8243-C3CD67F6F588	MX	N1	T1B	Tumor Free	19.82444028	0:CENSORED	No	White	No	-10	1	Male	LUAD	-8
TCGA-93-7347	76	STAGE IA	7TH	-27	LUAD	683	-27949	0	22.45454844	0:DiseaseFree	22.45454844	0:ALIVE OR DEAD TUMOR FREE	Not Hispanic Or Latino	3/30/12	EUR	No	C34.1	8255/3	C34.1	Yes	Yes	No	22.45454844	0:LIVING	ef03654a-dcf1-41ff-a67e-4f3fbf9ba807	MX	N0	T1A	Tumor Free	22.45454844	0:CENSORED	No	White	No	-12	1	Female	LUAD	-38
TCGA-93-7348	75	STAGE IA	7TH	-31	LUAD	531	-27456	0	17.45734293	0:DiseaseFree	17.45734293	0:ALIVE OR DEAD TUMOR FREE	Not Hispanic Or Latino	11/14/11	EUR	No	C34.1	8140/3	C34.1	Yes	Yes	No	17.45734293	0:LIVING	e739b4f7-ae46-45c6-9013-9571cbadaf99	MX	N0	T1A	Tumor Free	17.45734293	0:CENSORED	No	White	No	-12	1	Female	LUAD	-28
TCGA-93-8067	77	STAGE IB	7TH	23	LUAD	186	-28453	0	6.115001479	0:DiseaseFree	6.115001479	0:ALIVE OR DEAD TUMOR FREE	Not Hispanic Or Latino	5/18/12	EAS	No	C34.3	8140/3	C34.3	Yes	Yes	No	6.115001479	0:LIVING	bbe88801-34f3-46d2-bbfd-b46c3901ed71	MX	N0	T2A	Tumor Free	6.115001479	0:CENSORED	Yes	Asian	No	20	1	Male	LUAD	32
TCGA-93-A4JN	71	STAGE IV	7TH	-19	LUAD	718	-26273	0			23.60522077	0:ALIVE OR DEAD TUMOR FREE	Not Hispanic Or Latino	2/27/14	EUR	No	C34.1	8550/3	C34.1	Yes	Yes	No	23.60522077	0:LIVING	9DDA72EC-1698-44E2-B35C-11E9A2704380	M1A	N0	T2A	With Tumor	23.60522077	0:CENSORED	No	White	No	4	1	Male	LUAD	0
TCGA-93-A4JO	70	STAGE IA	7TH	-15	LUAD		-25898	0			1.084919617	0:ALIVE OR DEAD TUMOR FREE	Not Hispanic Or Latino	2/27/14	EUR	No	C34.3	8255/3	C34.3	Yes	Yes	No	1.084919617	1:DECEASED	3DAEBE75-C6DF-478E-8A4C-11186FD5EAD9	MX	N0	T1A	Tumor Free	1.084919617	0:CENSORED	No	White	No	-8	1	Male	LUAD	-16
TCGA-93-A4JP	64	STAGE IV	7TH	-29	LUAD	578	-23620	0			19.00253148	0:ALIVE OR DEAD TUMOR FREE	Not Hispanic Or Latino	2/27/14	EAS	No	C34.3	8260/3	C34.3	Yes	Yes	Yes	19.00253148	0:LIVING	30F276A8-3A4B-4DE8-AEA0-7F605D100401	M1B	NX	TX	With Tumor	16.33954696	1:PROGRESSION	No	Asian	No	-6	1	Male	LUAD	-20
TCGA-93-A4JQ	49	STAGE IA	7TH	1	LUAD	526	-17951	0	17.29296117	0:DiseaseFree	17.29296117	0:ALIVE OR DEAD TUMOR FREE	Not Hispanic Or Latino	2/27/14	EUR	No	C34.1	8550/3	C34.1	Yes	Yes	No	17.29296117	0:LIVING	7093024B-CF56-4783-B973-B72573ED7F2B	MX	N0	T1B	Tumor Free	17.29296117	0:CENSORED	Yes	White	No	6	1	Male	LUAD	22
TCGA-95-7039	54	STAGE IIB	7TH	11	LUAD	1272	-19981	0	41.35845087	1:Recurred/Progressed	41.8187198	0:ALIVE OR DEAD TUMOR FREE	Not Hispanic Or Latino	2011-8-00	EUR	No	C34.1	8140/3	C34.1	Yes	Yes	Yes	41.8187198	0:LIVING	ae702159-5b6a-41dd-868c-7540f9e1131c	MX	N0	T3	Tumor Free	41.35845087	1:PROGRESSION	No	White	No	16	1	Female	LUAD	24
TCGA-95-7043	63	STAGE IA	7TH	-3	LUAD	37	-23165	0			16.53680508	1:DEAD WITH TUMOR	Not Hispanic Or Latino	2011-8-00	AFR_ADMIX	No	C34.1	8255/3	C34.1	Yes	Yes		16.53680508	1:DECEASED	c650b1ff-8a4c-4ee9-b7c1-268c28c83827	MX	N0	T1A	Tumor Free	16.53680508	1:PROGRESSION	Yes	White		0	1	Female	LUAD	2
TCGA-95-7562	71	STAGE IIA	7TH	35	LUAD		-26000	0			2.860242628	0:ALIVE OR DEAD TUMOR FREE	Not Hispanic Or Latino	6/13/12	AFR_ADMIX	No	C34.3	8140/3	C34.3	Yes	Yes	No	2.860242628	1:DECEASED	193201a3-1447-47b1-bdf1-11ae0eb3b2f3	M0	N1	T2A	Tumor Free	2.860242628	0:CENSORED	Yes	Black or African American	No	22	1	Male	LUAD	42
TCGA-95-7567	61	STAGE IIB	7TH	1	LUAD	568	-22437	0			18.67376796	0:ALIVE OR DEAD TUMOR FREE	Not Hispanic Or Latino	1/31/12	EUR	No	C34.1	8255/3	C34.1	Yes	Yes	No	18.67376796	0:LIVING	3bc7026f-73f2-418b-bd62-f4768582b790	M0	N1	T2B	Tumor Free	18.67376796	0:CENSORED	No	White	No	14	1	Male	LUAD	10
TCGA-95-7944	71	STAGE IA	7TH	17	LUAD	377	-26003	0			12.39438472	0:ALIVE OR DEAD TUMOR FREE	Not Hispanic Or Latino	3/21/12	EUR	No	C34.3	8140/3	C34.3	Yes	Yes	No	12.39438472	0:LIVING	abab925c-bef3-4072-b9c4-40f808744593	M0	N0	T1A	Tumor Free	12.39438472	0:CENSORED	No	White	No	4	1	Male	LUAD	24
TCGA-95-7947	67	STAGE IA	7TH	-7	LUAD	477	-24752	0	15.68201992	0:DiseaseFree	15.68201992	0:ALIVE OR DEAD TUMOR FREE	Not Hispanic Or Latino	3/21/12	EUR	No	C34.1	8255/3	C34.1	Yes	Yes	No	15.68201992	0:LIVING	e0acafdd-06d0-48a6-bd68-577ef666a419	M0	N0	T1A	Tumor Free	15.68201992	0:CENSORED	Yes	White	No	12	1	Male	LUAD	-4
TCGA-95-7948	42	STAGE IB	7TH	-21	LUAD	476	-15363	0	15.64914357	0:DiseaseFree	15.64914357	0:ALIVE OR DEAD TUMOR FREE	Not Hispanic Or Latino	3/22/12	EUR	No	C34.3	8255/3	C34.3	Yes	Yes	No	15.64914357	0:LIVING	a52e99d6-a61a-439d-b0b1-ca7a0eabcb04	M0	N0	T2A	Tumor Free	15.64914357	0:CENSORED	Yes	White	No	-14	1	Female	LUAD	-14
TCGA-95-8039	72	STAGE IA	7TH	-19	LUAD	830	-26317	0	7.495808265	1:Recurred/Progressed	27.28737219	0:ALIVE OR DEAD TUMOR FREE	Not Hispanic Or Latino	6/20/12	EUR	No	C34.1	8550/3	C34.1	Yes	Yes	Yes	27.28737219	0:LIVING	87f1b3df-4bc7-4336-b658-f30ac1c5c796	MX	N0	T1	Tumor Free	7.495808265	1:PROGRESSION	No	White	No	-4	1	Male	LUAD	-2
TCGA-95-8494	67	STAGE IIA	7TH	35	LUAD	84	-24773	0	2.761613571	0:DiseaseFree	2.761613571	0:ALIVE OR DEAD TUMOR FREE	Not Hispanic Or Latino	8/30/12	EUR	No	C34.2	8140/3	C34.2	Yes	Yes		2.761613571	0:LIVING	6ee9caec-65ac-46db-9426-ffaa31967ae2	M0	N1	T2A		2.761613571	0:CENSORED	No	White	No	18	1	Male	LUAD	32
TCGA-95-A4VK	74	STAGE IIIA	7TH	-23	LUAD	651	-27040	0			21.40250518	0:ALIVE OR DEAD TUMOR FREE	Not Hispanic Or Latino	2/21/13	EUR	No	C34.1	8255/3	C34.1	Yes	Yes	Yes	21.40250518	0:LIVING	D344DAE0-ADF4-4697-B703-7690C13D8331	M0	N2	T2B	Tumor Free	16.30667061	1:PROGRESSION	Yes	White	Yes	-8	1	Female	LUAD	-18
TCGA-95-A4VN	62	STAGE IIA	7TH	27	LUAD	553	-22927	0			18.18062268	0:ALIVE OR DEAD TUMOR FREE	Not Hispanic Or Latino	2/22/13	EUR	No	C34.3	8140/3	C34.3	Yes	Yes	No	18.18062268	0:LIVING	389F78A3-FA0B-406C-9434-AA0298341A8C	M0	N1	T2A	Tumor Free	18.18062268	0:CENSORED	Yes	White	No	18	1	Female	LUAD	22
TCGA-95-A4VP	66	STAGE IIIA	7TH	-3	LUAD	605	-24130	0			19.89019298	0:ALIVE OR DEAD TUMOR FREE		2/22/13	EUR	No	C34.3	8550/3	C34.3	Yes	Yes	Yes	19.89019298	0:LIVING	9E22A3AF-7F28-4757-8684-ED64A2A27AD1	M0	N2	T2B	Tumor Free	7.101292041	1:PROGRESSION	No	White	No	0	1	Female	LUAD	-12
TCGA-97-7546	76	STAGE IA	6TH	-37	LUAD	1285	-27913	0			42.24611237	0:ALIVE OR DEAD TUMOR FREE	Not Hispanic Or Latino	11/17/11	EUR	No	C34.1	8550/3	C34.1	Yes	Yes	Yes	42.24611237	0:LIVING	1d90c9f3-5025-4867-a2f0-e455b6a254fa	MX	N0	T1	Tumor Free	41.25982181	1:PROGRESSION	No	White	Yes	-22	1	Female	LUAD	-32
TCGA-97-7547	67	STAGE IB	6TH	-39	LUAD	1965	-24737	0			64.60203176	0:ALIVE OR DEAD TUMOR FREE	Not Hispanic Or Latino	11/17/11	EUR	No	C34.1	8260/3	C34.1	Yes	Yes	Yes	64.60203176	0:LIVING	6092bd5c-e97c-4a77-a4ad-c87623b17507	MX	N0	T2	Tumor Free	25.47917283	1:PROGRESSION	No	White	No	-20	1	Female	LUAD	-40
TCGA-97-7552	70	STAGE IB	6TH	-37	LUAD	1932	-25578	0			63.51711214	0:ALIVE OR DEAD TUMOR FREE	Not Hispanic Or Latino	11/17/11	EUR	No	C34.3	8253/3	C34.3	Yes	Yes	Yes	63.51711214	0:LIVING	1b110eb4-a01d-4c50-ba18-77da4dedd549	MX	N0	T2	Tumor Free	26.23532893	1:PROGRESSION	No	White	No	-16	1	Male	LUAD	-50
TCGA-97-7553	58	STAGE IA	6TH	-33	LUAD	1870	-21518	0	61.47877832	0:DiseaseFree	61.47877832	0:ALIVE OR DEAD TUMOR FREE	Not Hispanic Or Latino	11/17/11	EUR	No	C34.3	8252/3	C34.3	Yes	Yes	No	61.47877832	0:LIVING	37c8d73a-45ae-40fc-ba9a-721b755c1160	MX	N0	T1	Tumor Free	61.47877832	0:CENSORED	No	White	No	2	1	Female	LUAD	-22
TCGA-97-7554	83	STAGE IIIA	7TH	-17	LUAD	775	-30327	0	25.47917283	0:DiseaseFree	25.47917283	0:ALIVE OR DEAD TUMOR FREE	Not Hispanic Or Latino	11/17/11	EUR	No	C34.3	8260/3	C34.3	Yes	Yes	No	25.47917283	0:LIVING	a9644274-13bb-4228-9b4f-14260ccc26eb	M0	N2	T2A	Tumor Free	25.47917283	0:CENSORED	No	White	No	-2	1	Female	LUAD	-12
TCGA-97-7937	65	STAGE IB	7TH	5	LUAD	564	-23919	0			18.54226255	0:ALIVE OR DEAD TUMOR FREE	Not Hispanic Or Latino	2/13/12	EUR	No	C34.1	8507/3	C34.1	Yes	Yes	No	18.54226255	0:LIVING	fcfe0b53-dfc1-42fa-9efc-2b2ff259297e	MX	N0	T2A		18.54226255	0:CENSORED	No	White	No	4	1	Male	LUAD	10
TCGA-97-7938	76	STAGE IA	7TH	-37	LUAD		-27980	0	0.591774337	0:DiseaseFree	0.591774337	0:ALIVE OR DEAD TUMOR FREE	Not Hispanic Or Latino	2/13/12	EUR	No	C34.1	8252/3	C34.1	Yes	Yes	No	0.591774337	1:DECEASED	e6e75590-9520-4b1c-8a28-4a1d2b2218fc	MX	N0	T1A	Tumor Free	0.591774337	0:CENSORED	No	White	No	-18	1	Female	LUAD	-32
TCGA-97-7941	72	STAGE IA	7TH	-39	LUAD	484	-26298	0	15.91215439	0:DiseaseFree	15.91215439	0:ALIVE OR DEAD TUMOR FREE	Not Hispanic Or Latino	2/13/12	EUR	No	C34.1	8550/3	C34.1	Yes	Yes	No	15.91215439	0:LIVING	b266cbf5-80de-4473-b16f-08c502d365ca	MX	N0	T1B	Tumor Free	15.91215439	0:CENSORED	No	White	No	-16	1	Female	LUAD	-36
TCGA-97-8171	81	STAGE IV	7TH	-11	LUAD	568	-29627	0			18.67376796	0:ALIVE OR DEAD TUMOR FREE	Not Hispanic Or Latino	6/13/12	EAS	No	C34.8	8260/3	C34.8	Yes	Yes	Yes	18.67376796	0:LIVING	397d3f69-1453-4057-b177-8723eec923d1	M1A	N2	T2A	With Tumor	14.49847125	1:PROGRESSION	No	Asian	No	-2	1	Male	LUAD	-16
TCGA-97-8172	75	STAGE IB	7TH	-43	LUAD	545	-27416	0	17.91761186	0:DiseaseFree	17.91761186	0:ALIVE OR DEAD TUMOR FREE	Not Hispanic Or Latino	6/13/12	EUR	No	C34.1	8550/3	C34.1	Yes	Yes	No	17.91761186	0:LIVING	cbf1f718-6bb7-4daf-b9d6-fb294281decb	M0	N0	T2A	Tumor Free	17.91761186	0:CENSORED	Yes	White	No	-16	1	Female	LUAD	-52
TCGA-97-8174	67	STAGE IIA	7TH	-39	LUAD		-24725	0			5.391721735		Not Hispanic Or Latino	6/13/12	EUR	No	C34.1	8260/3	C34.1	Yes	Yes	No	5.391721735	1:DECEASED	8c695c24-e7f9-449a-9258-a1bc8a33bf9a	M0	N0	T2B		5.391721735	0:CENSORED	No	White	No	-14	1	Male	LUAD	-46
TCGA-97-8175	55	STAGE IB	7TH	27	LUAD	551	-20206	0	9.6656475	1:Recurred/Progressed	18.11486997	0:ALIVE OR DEAD TUMOR FREE	Not Hispanic Or Latino	6/13/12	EUR	No	C34.1	8230/3	C34.1	Yes	Yes	Yes	18.11486997	0:LIVING	f4350d9c-3f40-4829-bbc4-8acb2f3ff512	M0	N0	T2A	Tumor Free	9.6656475	1:PROGRESSION	No	White	No	6	1	Female	LUAD	42
TCGA-97-8176	63	STAGE IIIA	7TH	21	LUAD	252	-23170	0			15.38613276	0:ALIVE OR DEAD TUMOR FREE	Not Hispanic Or Latino	10/5/12	EUR	No	C34.3	8550/3	C34.3	Yes	Yes	No	15.38613276	1:DECEASED	12c27db5-db2f-48dc-a2ca-9557b951f43e	M0	N1	T3	Tumor Free	1.28217773	1:PROGRESSION	No	White	Yes	22	1	Male	LUAD	24
TCGA-97-8177	59	STAGE IB	7TH	15	LUAD	499	-21648	0			16.40529967	0:ALIVE OR DEAD TUMOR FREE	Not Hispanic Or Latino	6/13/12	EUR	No	C34.3	8255/3	C34.3	Yes	Yes	No	16.40529967	0:LIVING	09078761-1c14-4d01-8e15-535c19a9b0f9	M0	N0	T2A	Tumor Free	16.40529967	0:CENSORED	No	White	No	-6	1	Female	LUAD	24
TCGA-97-8179	72	STAGE IA	7TH	-15	LUAD	435	-26305	0	14.30121314	0:DiseaseFree	14.30121314	0:ALIVE OR DEAD TUMOR FREE	Not Hispanic Or Latino	6/13/12	EUR	No	C34.1	8550/3	C34.1	Yes	Yes	No	14.30121314	0:LIVING	11c2e619-8aeb-4f86-b03b-78f9a8099263	M0	N0	T1A	Tumor Free	14.30121314	0:CENSORED	No	White	No	-8	1	Male	LUAD	-14
TCGA-97-8547	78	STAGE IIIA	7TH	3	LUAD	657	-28801	0	21.59976329	0:DiseaseFree	21.59976329	0:ALIVE OR DEAD TUMOR FREE		9/27/12		No	C34.3	8550/3	C34.3	Yes	Yes	No	21.59976329	0:LIVING	ac0d7a82-82cb-4aec-b859-e37375f3de8b	MX	N2	T2A	Tumor Free	21.59976329	0:CENSORED	No		No	-12	1	Female	LUAD	6
TCGA-97-8552	55	STAGE I	7TH	-35	LUAD	626	-20331	0	20.58059638	0:DiseaseFree	20.58059638	0:ALIVE OR DEAD TUMOR FREE	Not Hispanic Or Latino	9/26/12	EUR	No	C34.3	8252/3	C34.3	Yes	Yes	No	20.58059638	0:LIVING	9ca1a26c-82e0-48b3-b3bb-2ed57086eeb1	MX	N0	T1A	Tumor Free	20.58059638	0:CENSORED	No	White	No	-18	1	Female	LUAD	-24
TCGA-97-A4LX	81	STAGE IB	7TH	-3	LUAD	614	-29915	0	20.18608015	0:DiseaseFree	20.18608015	0:ALIVE OR DEAD TUMOR FREE	Not Hispanic Or Latino	3/7/13	EUR	No	C34.1	8255/3	C34.1	Yes	Yes	No	20.18608015	0:LIVING	E2B0D873-4942-4483-9A88-D5C6338D0382	M0	N0	T2A		20.18608015	0:CENSORED	Yes, History Of Synchronous And Or Bilateral Malignancy	White	No	-8	1	Male	LUAD	-20
TCGA-97-A4M0	60	STAGE IB	7TH	-25	LUAD	652	-22206	0	21.43538153	0:DiseaseFree	21.43538153	0:ALIVE OR DEAD TUMOR FREE	Not Hispanic Or Latino	3/7/13	EUR	No	C34.1	8255/3	C34.1	Yes	Yes	No	21.43538153	0:LIVING	DD63D0FD-E24B-40A5-88C5-7D3D4106631E	M0	N0	T2A		21.43538153	0:CENSORED	No	White	No	-16	1	Female	LUAD	-36
TCGA-97-A4M1	52	STAGE IA	7TH	-37	LUAD	601	-19272	0	19.75868758	0:DiseaseFree	19.75868758	0:ALIVE OR DEAD TUMOR FREE	Not Hispanic Or Latino	3/7/13	EUR	No	C34.1	8255/3	C34.1	Yes	Yes	No	19.75868758	0:LIVING	C0C879F7-C332-4D31-9F7E-A3BF361B36EE	M0	N0	T1A		19.75868758	0:CENSORED	No	White	No	-24	1	Female	LUAD	-34
TCGA-97-A4M2	66	STAGE IA	7TH	-35	LUAD	624	-24313	0	20.51484367	0:DiseaseFree	20.51484367	0:ALIVE OR DEAD TUMOR FREE	Not Hispanic Or Latino	3/7/13	EUR	No	C34.2	8255/3	C34.2	Yes	Yes	No	20.51484367	0:LIVING	345AEF28-D49B-491B-A337-B1AC55C37D35	M0	N0	T1A	Tumor Free	20.51484367	0:CENSORED	Yes	White	No	-16	1	Male	LUAD	-44
TCGA-97-A4M3	69	STAGE IA	7TH	-23	LUAD	540	-25384	0	17.7532301	0:DiseaseFree	17.7532301	0:ALIVE OR DEAD TUMOR FREE	Not Hispanic Or Latino	3/7/13	EUR	No	C34.1	8255/3	C34.1	Yes	Yes	Yes	17.7532301	0:LIVING	575752F8-2788-43CD-AFDE-F0F600F39D18	M0	N0	T1B		1.77532301	1:PROGRESSION	Yes	White	No	-22	1	Female	LUAD	-12
TCGA-97-A4M5	83	STAGE IA	7TH	-41	LUAD	634	-30665	0	20.84360719	0:DiseaseFree	20.84360719	0:ALIVE OR DEAD TUMOR FREE	Not Hispanic Or Latino	3/7/13	EUR	No	C34.1	8255/3	C34.1	Yes	Yes	No	20.84360719	0:LIVING	5FE77D4A-A8A5-4C90-8FF2-9C3BBBB309EF	M0	N0	T1B		20.84360719	0:CENSORED	No	White	No	-16	1	Male	LUAD	-28
TCGA-97-A4M6	45	STAGE IA	7TH	-29	LUAD	568	-16764	0	18.67376796	0:DiseaseFree	18.67376796	0:ALIVE OR DEAD TUMOR FREE	Not Hispanic Or Latino	3/7/13	EUR	No	C34.3	8255/3	C34.3	Yes	Yes	No	18.67376796	0:LIVING	31FF69B5-9E58-44DA-8326-BDFC7EE495C4	M0	N0	T1A		18.67376796	0:CENSORED	No	White	No	-12	1	Female	LUAD	-28
TCGA-97-A4M7	74	STAGE IA	7TH	-33	LUAD	629	-27062	0	20.67922543	0:DiseaseFree	20.67922543	0:ALIVE OR DEAD TUMOR FREE	Not Hispanic Or Latino	3/7/13	EUR	No	C34.2	8255/3	C34.2	Yes	Yes	No	20.67922543	0:LIVING	C6B680E3-D96E-4FC7-8053-77454B7A14FA	M0	N0	T1B	Tumor Free	20.67922543	0:CENSORED	Yes, History Of Synchronous And Or Bilateral Malignancy	White	No	-12	1	Male	LUAD	-18
TCGA-99-7458	74	STAGE IIIA	7TH	-25	LUAD	747	-27359	0			24.55863497	0:ALIVE OR DEAD TUMOR FREE	Not Hispanic Or Latino	1/6/12	EUR	No	C34.3	8252/3	C34.3	Yes	Yes	No	24.55863497	0:LIVING	96d93e23-bb0d-46a8-9685-5ed0d6b83059	M0	N0	T4	Tumor Free	24.55863497	0:CENSORED	No	White	No	-16	1	Female	LUAD	-24
TCGA-99-8025	72	STAGE IIIA	7TH	1	LUAD	1060	-26634	0	34.84893316	0:DiseaseFree	34.84893316	0:ALIVE OR DEAD TUMOR FREE	Not Hispanic Or Latino	6/25/12	AFR	No	C34.1	8140/3	C34.1	Yes	Yes	No	34.84893316	0:LIVING	84c3ba70-afa7-4b69-be69-7ec8d6022c56	M0	N2	T3	Tumor Free	34.84893316	0:CENSORED	No	Black or African American	No	0	1	Female	LUAD	10
TCGA-99-8028	50	STAGE IA	7TH	7	LUAD	1118	-18542	0	36.75576158	0:DiseaseFree	36.75576158	0:ALIVE OR DEAD TUMOR FREE	Not Hispanic Or Latino	6/15/12	AFR	No	C34.1	8140/3	C34.1	Yes	Yes	No	36.75576158	0:LIVING	9759bf3a-74ff-433f-99bb-f9406f222ed2	M0	N0	T1A	Tumor Free	36.75576158	0:CENSORED	No	Black or African American	No	-14	1	Female	LUAD	4
TCGA-99-8032	61	STAGE IA	7TH	17	LUAD	44	-22635	0	1.44655949	0:DiseaseFree	1.44655949	0:ALIVE OR DEAD TUMOR FREE	Not Hispanic Or Latino	6/15/12	EUR	No	C34.1	8140/3	C34.1	Yes	Yes		1.44655949	0:LIVING	7e83f9dd-b038-497b-a113-a55605398b7b	M0	N0	T1A	Tumor Free	1.44655949	0:CENSORED	No	White	No	16	1	Male	LUAD	18
TCGA-99-8033	74	STAGE IV	7TH	31	LUAD	170	-27342	0			21.56688694	1:DEAD WITH TUMOR	Not Hispanic Or Latino	6/18/12	EUR	No	C34.1	8140/3	C34.1	Yes	Yes	No	21.56688694	1:DECEASED	9582b436-145b-4f84-8f7f-8b39b8254cc1	M1	NX	TX	With Tumor	21.56688694	1:PROGRESSION	No	White	Yes	26	1	Female	LUAD	42
TCGA-99-AA5R	70	STAGE IA	7TH	-35	LUAD	658	-25778	0	21.63263964	0:DiseaseFree	21.63263964	0:ALIVE OR DEAD TUMOR FREE	Not Hispanic Or Latino	5/14/14	AFR	No	C34.3	8140/3	C34.3	Yes	Yes	No	21.63263964	0:LIVING	D3E23815-7F9D-48AA-9AEF-3A1DD9D464D7	M0	N0	T1A	Tumor Free	21.63263964	0:CENSORED	No	Black or African American	No	-16	1	Female	LUAD	-44
TCGA-J2-8192	65	STAGE IIA	7TH	-7	LUAD	739	-23892	0			24.29562416	0:ALIVE OR DEAD TUMOR FREE	Not Hispanic Or Latino	6/6/12	EUR	No	C34.1	8140/3	C34.1	Yes	Yes	Yes	24.29562416	0:LIVING	369f14c4-2191-4962-a309-3e23ddc4e5fc	MX	N1	T2A	Tumor Free	15.84640168	1:PROGRESSION	Yes	White	No	-6	1	Female	LUAD	4
TCGA-J2-8194	69	STAGE IIB	7TH	-15	LUAD	724	-25441	0			23.80247888	0:ALIVE OR DEAD TUMOR FREE	Not Hispanic Or Latino	6/6/12	EUR	No	C34.3	8255/3	C34.3	Yes	Yes	Yes	23.80247888	0:LIVING	2b68b51f-bd4c-4bbb-b4e6-2eead53da2a4	MX	N0	T3		15.45188546	1:PROGRESSION	Yes	White	Yes	-4	1	Female	LUAD	-10
TCGA-J2-A4AD	61	STAGE IA	7TH	9	LUAD	287	-22414	0			18.08199362	1:DEAD WITH TUMOR	Not Hispanic Or Latino	12/27/12	EUR	No	C34.1	8140/3	C34.1	Yes	Yes	Yes	18.08199362	1:DECEASED	096BD95F-9900-4DB2-B1C4-103902C3B31F	MX	N0	T1A	Tumor Free	17.22720847	1:PROGRESSION	No	White	No	18	1	Female	LUAD	20
TCGA-J2-A4AE	77	STAGE IA	7TH	-19	LUAD	1079	-28163	0	35.47358385	0:DiseaseFree	35.47358385	0:ALIVE OR DEAD TUMOR FREE	Not Hispanic Or Latino	12/27/12	EUR	No	C34.1	8140/3	C34.1	Yes	Yes	No	35.47358385	0:LIVING	E5F956DD-F49F-435C-83C3-5B1B0A2050ED	MX	N0	T1A	Tumor Free	35.47358385	0:CENSORED	No	White	No	-6	1	Female	LUAD	-24
TCGA-J2-A4AG	66	STAGE IA	7TH	-29	LUAD	988	-24224	0	32.48183582	0:DiseaseFree	32.48183582	0:ALIVE OR DEAD TUMOR FREE	Not Hispanic Or Latino	12/27/12	EUR	No	C34.1	8140/3	C34.1	Yes	Yes	No	32.48183582	0:LIVING	E21E2AF3-DC71-41FA-94BA-7A7929F47D90	MX	N0	T1B	Tumor Free	32.48183582	0:CENSORED	No	White	No	-12	1	Female	LUAD	-32
TCGA-L4-A4E5	48	STAGE I	7TH	17	LUAD	578	-17680	0	19.00253148	0:DiseaseFree	19.00253148	0:ALIVE OR DEAD TUMOR FREE	Not Hispanic Or Latino	12/5/12	EUR	No	C34.1	8140/3	C34.1	Yes	Yes	No	19.00253148	0:LIVING	32A7B827-C3F9-4607-AE63-DAE8CAA2BC97	M0	N0	T1	Tumor Free	19.00253148	0:CENSORED	No	White	No	20	1	Female	LUAD	20
TCGA-L4-A4E6	67	STAGE IA	7TH	-37	LUAD	435	-24631	0	14.30121314	0:DiseaseFree	14.30121314	0:ALIVE OR DEAD TUMOR FREE	Not Hispanic Or Latino	12/5/12	EUR	No	C34.1	8140/3	C34.1	Yes	Yes	No	14.30121314	0:LIVING	26A92E1B-08D8-45CD-AF0C-EAF2514808A2	M0	N0	T1	Tumor Free	14.30121314	0:CENSORED	No	White	No	-18	1	Male	LUAD	-28
TCGA-L9-A443	63	STAGE IA	7TH	-19	LUAD	116	-23062	0	6.345135944	0:DiseaseFree	6.345135944	0:ALIVE OR DEAD TUMOR FREE	Not Hispanic Or Latino	10/26/12	EUR	No	C34.3	8140/3	C34.3	Yes	Yes	No	6.345135944	1:DECEASED	3B89AC82-63F6-41B9-A03D-34B9FFC1550D	MX	N0	T1A		6.345135944	0:CENSORED	Yes	White	No	-10	1	Female	LUAD	-2
TCGA-L9-A444	60	STAGE IA	7TH	-17	LUAD	307	-22202	0	10.09304008	0:DiseaseFree	10.09304008	0:ALIVE OR DEAD TUMOR FREE	Not Hispanic Or Latino	10/26/12	EUR	No	C34.1	8140/3	C34.1	Yes	Yes	No	10.09304008	0:LIVING	4A1D30E8-E93A-41ED-8E54-08EAFF6556A7	MX	N0	T1A		10.09304008	0:CENSORED	Yes	White	No	-10	1	Female	LUAD	-10
TCGA-L9-A50W	75	STAGE IIA	7TH	-21	LUAD	266	-27414	0	12.78890094	1:Recurred/Progressed	14.5313476	1:DEAD WITH TUMOR	Not Hispanic Or Latino	3/8/13	AFR	No	C34.3	8255/3	C34.3	Yes	Yes	Yes	14.5313476	1:DECEASED	A815619F-DBBA-469F-A1F7-DFBD51CD86C5	MX	N1	T1B	Tumor Free	12.78890094	1:PROGRESSION	No	Black or African American	No	-12	1	Male	LUAD	-32
TCGA-L9-A5IP	40	STAGE IV	7TH	27	LUAD		-14681	0			1.906828418	1:DEAD WITH TUMOR	Not Hispanic Or Latino	5/14/13	AFR	No	C34.1	8140/3	C34.1	Yes	Yes	Yes	1.906828418	1:DECEASED	2A43E61E-2151-4C5A-B062-74CE9DFD8D4A	M1B	N2	T3	With Tumor	1.61094125	1:PROGRESSION	No	Black or African American	No	8	1	Female	LUAD	42
TCGA-L9-A743	56	STAGE IIA	7TH	1	LUAD	664	-20780	0	21.82989776	0:DiseaseFree	21.82989776	0:ALIVE OR DEAD TUMOR FREE	Not Hispanic Or Latino	4/14/14	AFR	No	C34.1	8140/3	C34.1	Yes	Yes	No	21.82989776	0:LIVING	A5F2576A-D628-47DE-A5DF-76A4F3105DCC	M0	N1	T2A	Tumor Free	21.82989776	0:CENSORED	Yes	Black or African American	No	4	1	Male	LUAD	4
TCGA-L9-A7SV	69	STAGE IIA	7TH	-15	LUAD	565	-25298	0	18.5751389	0:DiseaseFree	18.5751389	0:ALIVE OR DEAD TUMOR FREE	Not Hispanic Or Latino	1/7/14	AFR	No	C34.3	8140/3	C34.3	Yes	Yes	No	18.5751389	0:LIVING	54E90433-5218-4D83-848F-F995ECBA2A63	M0	N1	T2A	Tumor Free	18.5751389	0:CENSORED	No	Black or African American	No	0	1	Male	LUAD	-20
TCGA-L9-A8F4	64	STAGE IB	7TH	9	LUAD	476	-23617	0			15.64914357	0:ALIVE OR DEAD TUMOR FREE	Not Hispanic Or Latino	2/14/14	AFR	No	C34.1	8140/3	C34.1	Yes	Yes	No	15.64914357	0:LIVING	927FC5E0-2C14-4C20-A49B-F10D8A1175C3	MX	N0	T2A	Tumor Free	15.64914357	0:CENSORED	No	Black or African American	Yes	6	1	Female	LUAD	10
TCGA-MN-A4N1	60	STAGE IIA	7TH	15	LUAD	827	-21939	0	27.18874314	0:DiseaseFree	27.18874314	0:ALIVE OR DEAD TUMOR FREE	Not Hispanic Or Latino	12/4/12	AFR_ADMIX	No	C34.1	8140/3	C34.1	Yes	Yes	No	27.18874314	0:LIVING	75A0BB0B-6528-4FB8-A9E6-254905D21DF4	M0	N1	T2A		27.18874314	0:CENSORED	Yes	Black or African American	No	14	1	Male	LUAD	28
TCGA-MN-A4N4	57	STAGE IA	7TH	9	LUAD	1175	-20888	0	38.62971365	0:DiseaseFree	38.62971365	0:ALIVE OR DEAD TUMOR FREE	Not Hispanic Or Latino	12/4/12	EUR	No	C34.1	8140/3	C34.1	Yes	Yes	No	38.62971365	0:LIVING	CEEAD734-1CE0-4385-B65A-A9C853B7308E	M0	N0	T1B		38.62971365	0:CENSORED	No	White	No	-6	1	Male	LUAD	26
TCGA-MN-A4N5	63	STAGE IA	7TH	3	LUAD	84	-23257	0	2.761613571	0:DiseaseFree	2.761613571	0:ALIVE OR DEAD TUMOR FREE	Not Hispanic Or Latino	12/4/12	EUR	No	C34.1	8140/3	C34.1	Yes	Yes	No	2.761613571	0:LIVING	17E09B0D-EAB2-40EC-AE3C-BE9AB63FCEF0	M0	N0	T1A		2.761613571	0:CENSORED	No	White	No	2	1	Male	LUAD	-2
TCGA-MP-A4SV	67	STAGE IB	5TH	13	LUAD		-24516	0	86.13604235	0:DiseaseFree	86.13604235			4/2/13	EUR	No	C34.3	8140/3	C34.3	Yes	Yes		86.13604235	1:DECEASED	706420C4-8820-4B41-80D9-F3EFD1D2A4F0	M0	N0	T2		86.13604235	0:CENSORED	No		No	20	1	Male	LUAD	34
TCGA-MP-A4SW	53	STAGE IIB	5TH	1	LUAD		-19640	0	58.45415393	0:DiseaseFree	58.45415393			4/2/13	EUR	No	C34.1	8140/3	C34.1	Yes	Yes		58.45415393	1:DECEASED	15F12D2C-B834-4BFC-B526-F03BF85BFE96	M0	N1	T2		58.45415393	0:CENSORED	No	White	No	0	1	Male	LUAD	-12
TCGA-MP-A4SY	61	STAGE IIB	5TH	29	LUAD		-22448	0	16.07653615	1:Recurred/Progressed	49.34740441	0:ALIVE OR DEAD TUMOR FREE	Not Hispanic Or Latino	4/2/13	EUR	No	C34.3	8140/3	C34.3	Yes	Yes	Yes	49.34740441	1:DECEASED	8CC6BCEC-65DF-46A9-A88C-09762A132857	M0	N1	T2	Tumor Free	16.07653615	1:PROGRESSION	No	White	No	0	1	Male	LUAD	50
TCGA-MP-A4T2	71	STAGE IA	6TH		LUAD		-26010	0	18.90390242	1:Recurred/Progressed	37.34753592	1:DEAD WITH TUMOR	Not Hispanic Or Latino	4/2/13	EUR	No	C34.3	8140/3	C34.3	Yes	No	Yes	37.34753592	1:DECEASED	E379CF55-68EF-4FBC-AF3E-0A5040C27F0F	M0	N0	T1	With Tumor	18.90390242	1:PROGRESSION	No	White	No		1	Male		
TCGA-MP-A4T4	68	STAGE IIB	6TH	1	LUAD		-25052	0	86.03741329	0:DiseaseFree	86.03741329			4/2/13	EUR	No	C34.3	8140/3	C34.3	Yes	Yes		86.03741329	1:DECEASED	301CA6E8-7981-4264-B4AE-38F56F7F9225	M0	N1	T2		86.03741329	0:CENSORED	No	White	No	2	1	Female	LUAD	8
TCGA-MP-A4T6	76	STAGE IIIA	6TH	-25	LUAD		-27993	0	58.84867015	0:DiseaseFree	58.84867015	0:ALIVE OR DEAD TUMOR FREE	Not Hispanic Or Latino	4/2/13	EUR	No	C34.3	8140/3	C34.3	Yes	Yes	No	58.84867015	1:DECEASED	5F4934BE-EEE3-40E1-8838-38103BADC898	MX	N2	T1	Tumor Free	58.84867015	0:CENSORED	No	White	No	-14	1	Female	LUAD	-28
TCGA-MP-A4T7	75	STAGE IV	6TH	-1	LUAD		-27603	0			5.490350791			4/2/13	EUR	No	C34.3	8140/3	C34.3	Yes	Yes		5.490350791	1:DECEASED	47062AD2-BA82-45C8-A871-BDEA84F0C405	M1	N0	T2		5.490350791	0:CENSORED	No		No	10	1	Female	LUAD	12
TCGA-MP-A4T8	68	STAGE IIIA	6TH	19	LUAD		-25069	0			5.293092678			4/2/13	EUR	No	C34.1	8140/3	C34.1	Yes	Yes		5.293092678	1:DECEASED	7C4ED533-EE66-48BE-A84B-FF8607742818	M0	N2	T2		5.293092678	0:CENSORED	Yes		No	12	1	Male	LUAD	30
TCGA-MP-A4T9	54	STAGE IIIA	6TH	3	LUAD		-19767	0	11.21083605	1:Recurred/Progressed	41.58858533	1:DEAD WITH TUMOR	Not Hispanic Or Latino	4/2/13	EUR	No	C34.1	8140/3	C34.1	Yes	Yes	Yes	41.58858533	1:DECEASED	70081320-540F-41D2-8687-EE6D011F8EB0	MX	N2	T2	With Tumor	11.21083605	1:PROGRESSION	No	White	Yes	-4	1	Female	LUAD	8
TCGA-MP-A4TA	75	STAGE IA	6TH	21	LUAD		-27513	0	23.83535523	1:Recurred/Progressed	31.23253444	1:DEAD WITH TUMOR	Not Hispanic Or Latino	4/2/13	EUR	No	C34.1	8140/3	C34.1	Yes	Yes	Yes	31.23253444	1:DECEASED	98EE294A-46ED-4572-BDD4-A932C3498A25	M0	N0	T1	With Tumor	23.83535523	1:PROGRESSION	Yes	White	No	18	1	Female	LUAD	30
TCGA-MP-A4TC	77	STAGE IIIA	6TH	27	LUAD		-28471	0	2.432850051	0:DiseaseFree	2.432850051	0:ALIVE OR DEAD TUMOR FREE	Not Hispanic Or Latino	4/2/13	EUR	No	C34.2	8140/3	C34.2	Yes	Yes	No	2.432850051	1:DECEASED	99C35245-E1C8-4805-B7A5-F703BB506030	M0	N2	T1	Tumor Free	2.432850051	0:CENSORED	Yes	White	No	16	1	Male	LUAD	22
TCGA-MP-A4TD	71	STAGE IIIA	6TH	-21	LUAD		-25983	0	7.430055561	1:Recurred/Progressed	10.09304008			5/8/13	EUR	No	C34.3	8140/3	C34.3	Yes	Yes	Yes	10.09304008	1:DECEASED	383D1253-349F-43B3-BEBD-9F1D1CF14B3D	M0	N2	T2		7.430055561	1:PROGRESSION	Yes	White	No	-16	1	Male	LUAD	-10
TCGA-MP-A4TE	56	STAGE IIA	7TH	1	LUAD		-20627	0	7.430055561	1:Recurred/Progressed	29.45721143	1:DEAD WITH TUMOR	Not Hispanic Or Latino	4/2/13	EUR	No	C34.3	8140/3	C34.3	Yes	Yes	Yes	29.45721143	1:DECEASED	BEBD0025-74E2-451B-93B3-86F82DF43573	MX	N0	T2B	With Tumor	7.430055561	1:PROGRESSION	No	White	No	6	1	Male	LUAD	18
TCGA-MP-A4TF	58	STAGE IIA	7TH	29	LUAD		-21387	0			11.04645429	1:DEAD WITH TUMOR	Not Hispanic Or Latino	4/2/13	EUR	No	C34.1	8140/3	C34.1	Yes	Yes	Yes	11.04645429	1:DECEASED	86DAC334-F30E-438E-810A-8E45F69DBB7E	M0	N0	T2B	With Tumor	6.410888648	1:PROGRESSION	No	White	No	6	1	Female	LUAD	30
TCGA-MP-A4TH	70	STAGE IA	7TH	-37	LUAD	741	-25759	0	24.36137686	0:DiseaseFree	24.36137686	0:ALIVE OR DEAD TUMOR FREE	Not Hispanic Or Latino	5/8/13	EUR	No	C34.3	8140/3	C34.3	Yes	Yes	No	24.36137686	0:LIVING	7A111B4F-46E9-4E34-8024-0B9FDC5CBCD8	M0	N0	T1A	Tumor Free	24.36137686	0:CENSORED	No	White	No	-22	1	Female	LUAD	-42
TCGA-MP-A4TI	72	STAGE IIA	7TH	29	LUAD		-26565	0			14.10395503	1:DEAD WITH TUMOR	Not Hispanic Or Latino	4/2/13	EUR	No	C34.3	8140/3	C34.3	Yes	Yes	Yes	14.10395503	1:DECEASED	F327DEA0-2D30-482F-809C-76A148A749B7	M0	N1	T2A	With Tumor	2.761613571	1:PROGRESSION	No	White		20	1	Male	LUAD	40
TCGA-MP-A4TJ	62	STAGE IA	6TH	-29	LUAD		-22875	0	11.14508334	0:DiseaseFree	11.14508334			4/2/13	EUR	No	C34.1	8490/3	C34.1	Yes	Yes		11.14508334	1:DECEASED	8F52CCCD-5709-4753-9670-31A573EE27AB	M0	N0	T1		11.14508334	0:CENSORED	No		No	-6	1	Female	LUAD	-22
TCGA-MP-A4TK	56	STAGE IIB	5TH	17	LUAD		-20581	0	13.05191176	1:Recurred/Progressed	19.13403689	1:DEAD WITH TUMOR		4/2/13	EUR	No	C34.3	8140/3	C34.3	Yes	Yes	Yes	19.13403689	1:DECEASED	F7F9F522-DE88-4F9C-8BA4-7BE3726FAAF8	MX	N1	T2	With Tumor	13.05191176	1:PROGRESSION	No		No	8	1	Female	LUAD	12
TCGA-MP-A5C7	76	STAGE IB	6TH	-37	LUAD	2248	-28015	0	73.90603939	0:DiseaseFree	73.90603939	0:ALIVE OR DEAD TUMOR FREE	Not Hispanic Or Latino	5/10/13	EUR	No	C34.1	8140/3	C34.1	Yes	Yes	No	73.90603939	0:LIVING	8F04660A-2EFB-4947-9EAB-375066B9EB33	M0	N0	T2	Tumor Free	73.90603939	0:CENSORED	No	White	No	-10	1	Female	LUAD	-30
TCGA-NJ-A4YF	50	STAGE IA	6TH	21	LUAD	2161	-18584	0			71.04579676	0:ALIVE OR DEAD TUMOR FREE	Not Hispanic Or Latino	4/25/13	AFR	No	C34.1	8255/3	C34.1	Yes	Yes	No	71.04579676	0:LIVING	595FC3AD-F603-421B-B130-52F1F617050B	M0	N0	T1		71.04579676	0:CENSORED	No	Black or African American	No	-4	1	Female	LUAD	18
TCGA-NJ-A4YG	65	STAGE IB	6TH	-29	LUAD	2261	-23812	0			74.33343196	0:ALIVE OR DEAD TUMOR FREE		4/26/13	EUR	No	C34.1	8255/3	C34.1	Yes	Yes	No	74.33343196	0:LIVING	7FD03220-531E-4EF8-BECA-E9703E8C0AE1	M0	N0	T2	Tumor Free	74.33343196	0:CENSORED	No	White	No	-14	1	Male	LUAD	-14
TCGA-NJ-A4YI	87	STAGE IIIA	6TH	-33	LUAD		-31867	0			0.131505408			4/24/13	EUR	No	C34.1	8550/3	C34.1	Yes	Yes	No	0.131505408	1:DECEASED	2C03141E-A0BD-4E8D-91E4-9744D139CCCE	M0	N2	T2		0.131505408	0:CENSORED	No	White	No	-20	1	Female	LUAD	-30
TCGA-NJ-A4YP	52	STAGE IB	7TH	-3	LUAD	50	-19106	0			1.643817602	0:ALIVE OR DEAD TUMOR FREE	Not Hispanic Or Latino	9/27/13	EUR	No	C34.3	8255/3	C34.3	Yes	Yes	No	1.643817602	0:LIVING	42259AA6-C9F5-4309-A956-DBF930312F44	M0	N0	T2A	Tumor Free	1.643817602	0:CENSORED	No	White	No	2	1	Male	LUAD	30
TCGA-NJ-A4YQ	69	STAGE IA	7TH	-7	LUAD	1432	-25427	0			47.07893612	0:ALIVE OR DEAD TUMOR FREE	Not Hispanic Or Latino	9/27/13	EUR	No	C34.1	8255/3	C34.1	Yes	Yes	No	47.07893612	0:LIVING	52DF074F-A402-4B78-9472-F8EB268EFDED	M0	N0	T1B	Tumor Free	47.07893612	0:CENSORED	No	White	No	4	1	Female	LUAD	-6
TCGA-NJ-A55A	76	STAGE IB	6TH	-45	LUAD	15	-28022	0			0.493145281	0:ALIVE OR DEAD TUMOR FREE	Not Hispanic Or Latino	9/27/13	EUR	No	C34.3	8550/3	C34.3	Yes	Yes	No	0.493145281	0:LIVING	B8B5ED35-B299-4C1E-9226-5CA055DC7A43	M0	N0	T2	Tumor Free	0.493145281	0:CENSORED	No	White	No	-18	1	Female	LUAD	-52
TCGA-NJ-A55O	56	STAGE IIA	7TH	-27	LUAD	13	-20628	0			0.427392577	0:ALIVE OR DEAD TUMOR FREE	Not Hispanic Or Latino	9/27/13	EUR	No	C34.1	8480/3	C34.1	Yes	Yes	No	0.427392577	0:LIVING	8AB8C4BA-311E-41D0-85EA-A0245ACA1BDD	M0	N1	T1B	Tumor Free	0.427392577	0:CENSORED	No	White	No	-20	1	Female	LUAD	-22
TCGA-NJ-A55R	67	STAGE IA	7TH	-11	LUAD	603	-24738	0			19.82444028	0:ALIVE OR DEAD TUMOR FREE	Not Hispanic Or Latino	9/27/13	EUR	No	C34.1	8230/3	C34.1	Yes	Yes	No	19.82444028	0:LIVING	7C7D777B-BF00-4C24-97FC-922580D5605F	MX	N0	T1B	Tumor Free	19.82444028	0:CENSORED	No	White	No	4	1	Male	LUAD	-10
TCGA-NJ-A7XG	49	STAGE IIIA	7TH	-21	LUAD	617	-18127	0			20.28470921	0:ALIVE OR DEAD TUMOR FREE	Not Hispanic Or Latino	5/22/14	AFR_ADMIX	No	C34.1	8140/3	C34.1	Yes	Yes	No	20.28470921	0:LIVING	01E9888D-B5B9-48F1-8BA6-8A89AF108A04	M0	N1	T4	With Tumor	20.28470921	0:CENSORED	No	Black or African American	No	-16	1	Male	LUAD	-14
TCGA-O1-A52J	74	STAGE IA	6TH	-23	LUAD		-27223	0			59.11168097	1:DEAD WITH TUMOR	Not Hispanic Or Latino	4/11/13	EUR	No	C34.3	8140/3	C34.3	Yes	Yes	Yes	59.11168097	1:DECEASED	42432463-8E92-4F25-B72A-F03953527AA5	MX	N0	T1	With Tumor	29.52296413	1:PROGRESSION	No	White	No	-18	1	Female	LUAD	-8
TCGA-S2-AA1A	68	STAGE IA	7TH	-31	LUAD	513	-24903	0	16.8655686	0:DiseaseFree	16.8655686	0:ALIVE OR DEAD TUMOR FREE	Not Hispanic Or Latino	4/22/14	AFR	No	C34.1	8253/3	C34.1	Yes	Yes	No	16.8655686	0:LIVING	31458638-E19C-43E5-AB13-9C64B3B3681D	M0	N0	T1B	Tumor Free	16.8655686	0:CENSORED	No	Black or African American	No	-18	1	Female	LUAD	-40
